round,SR,P,Recall,F1
1,0.5,0.5,0.5,0.5
2,0.5,0.5,0.5,0.5
3,0.444444444,0.5,0.5,0.5
4,0.4,0.5,0.5,0.5
5,0.6,0.538461538,0.538461538,0.538461538
6,0.538461538,0.571428571,0.571428571,0.571428571
7,0.526315789,0.571428571,0.571428571,0.571428571
8,0.55,0.588235294,0.588235294,0.588235294
9,0.533333333,0.6,0.6,0.6
10,0.607142857,0.6,0.6,0.6
11,0.609243697,0.608695652,0.608695652,0.608695652
12,0.583333333,0.619047619,0.619047619,0.619047619
13,0.596330275,0.625,0.625,0.625
14,0.591549296,0.636363636,0.636363636,0.636363636
15,0.595890411,0.64,0.64,0.64
16,0.594594595,0.65,0.65,0.65
17,0.598726115,0.653846154,0.653846154,0.653846154
18,0.61025641,0.655172414,0.655172414,0.655172414
19,0.604347826,0.666666667,0.666666667,0.666666667
20,0.606837607,0.666666667,0.666666667,0.666666667
21,0.610526316,0.666666667,0.666666667,0.666666667
22,0.611295681,0.666666667,0.666666667,0.666666667
23,0.613707165,0.677419355,0.677419355,0.677419355
24,0.615384615,0.678571429,0.678571429,0.678571429
25,0.61878453,0.725,0.725,0.725
26,0.615176152,0.739583333,0.739583333,0.740985577
27,0.621666667,0.740096038,0.740096038,0.741141141
28,0.624203822,0.74015748,0.74015748,0.741472172
29,0.628013777,0.74025195,0.74025195,0.74151436
30,0.627428571,0.74025974,0.74025974,0.741545894
31,0.62713797,0.740585774,0.740585774,0.741626794
32,0.627828054,0.740651387,0.740651387,0.741701871
33,0.645851155,0.740740741,0.740740741,0.741761534
34,0.633032395,0.740807715,0.740807715,0.741800835
35,0.645431685,0.740837696,0.740837696,0.741916168
36,0.634646519,0.740873728,0.740873728,0.741954708
37,0.642017968,0.740917213,0.740917213,0.741992883
38,0.633389735,0.740932642,0.740932642,0.741993958
39,0.634730539,0.741025641,0.741025641,0.742011834
40,0.642473118,0.741028708,0.741028708,0.742097489
41,0.644878049,0.741071429,0.741071429,0.742105263
42,0.606837607,0.741098371,0.741098371,0.742108398
43,0.643497758,0.741113744,0.741113744,0.74211165
44,0.622222222,0.741134752,0.741134752,0.742127154
45,0.620689655,0.741212121,0.741212121,0.742145821
46,1,0.741225461,0.741225461,0.7421644
47,1,0.741246291,0.741246291,0.742168675
48,0.454545455,0.741267022,0.741267022,0.7421875
49,0.571428571,0.741275572,0.741275572,0.74222668
50,0.5,0.741287655,0.741287655,0.742249779
51,0.5,0.741368867,0.741368867,0.742261905
52,0.5,0.74137931,0.74137931,0.742268041
53,0.5,0.741399763,0.741399763,0.742280285
54,0.529411765,0.741420118,0.741420118,0.742298578
55,0.571428571,0.741440378,0.741440378,0.742398931
56,0.583333333,0.741482966,0.741482966,0.742401888
57,0.666666667,0.74151436,0.74151436,0.742415229
58,0.666666667,0.741525424,0.741525424,0.742424242
59,0.590909091,0.741532977,0.741532977,0.742433234
60,0.6,0.741553053,0.741553053,0.742451155
61,0.615384615,0.741573034,0.741573034,0.742553819
62,0.608695652,0.74159292,0.74159292,0.742568371
63,0.609690444,0.741602067,0.741602067,0.742570952
64,0.610215054,0.741652021,0.741652021,0.742580254
65,0.610441767,0.741655541,0.741655541,0.742679128
66,0.609459459,0.741666667,0.741666667,0.742697328
67,0.610962567,0.741681791,0.741681791,0.74270557
68,0.609986505,0.741686461,0.741686461,0.742723319
69,0.610738255,0.74168798,0.74168798,0.742742743
70,0.610146862,0.741745283,0.741745283,0.742751388
71,0.612565445,0.741754823,0.741754823,0.742782152
72,0.611260054,0.741775295,0.741775295,0.742839352
73,0.610666667,0.741827885,0.741827885,0.742839732
74,0.612137203,0.741836106,0.741836106,0.742857143
75,0.612860892,0.741897466,0.741897466,0.742857143
76,0.610284168,0.741915423,0.741915423,0.742857143
77,0.613071895,0.741935484,0.741935484,0.742873935
78,0.612426036,0.741935484,0.741935484,0.74289246
79,0.611185087,0.741935484,0.741935484,0.742909988
80,0.61192053,0.741935484,0.741935484,0.742914305
81,0.60952381,0.741975309,0.741975309,0.742930591
82,0.612648221,0.74197861,0.74197861,0.742951907
83,0.613368283,0.741984733,0.741984733,0.742957746
84,0.613577023,0.741995074,0.741995074,0.742996346
85,0.610512129,0.742,0.742,0.742999378
86,0.612998523,0.742014742,0.742014742,0.743008537
87,0.611702128,0.74204947,0.74204947,0.74301676
88,0.612433862,0.742075823,0.742075823,0.743024963
89,0.610054348,0.742092457,0.742092457,0.743029896
90,0.613157895,0.742095474,0.742095474,0.743085638
91,0.614080834,0.742105263,0.742105263,0.743102391
92,0.612217795,0.742105263,0.742105263,0.743122307
93,0.613569322,0.742171885,0.742171885,0.743142145
94,0.612945839,0.742192284,0.742192284,0.743159204
95,0.610583446,0.742201295,0.742201295,0.743159753
96,0.613666229,0.742203742,0.742203742,0.743175814
97,0.614583333,0.742213386,0.742213386,0.743176179
98,0.612732095,0.742216687,0.742216687,0.743215031
99,0.598870056,0.742219612,0.742219612,0.74327466
100,0.613333333,0.722236025,0.742236025,0.722236025
101,0.611111111,0.742255266,0.742255266,0.7433354
102,0.614138439,0.742268041,0.742268041,0.743351886
103,0.615084525,0.742281879,0.742281879,0.74340949
104,0.615284974,0.742343542,0.742343542,0.743445071
105,0.62962963,0.742346939,0.742346939,0.743455497
106,0.610027855,0.742352941,0.742352941,0.743476986
107,0.610803324,0.742358079,0.742358079,0.743523316
108,0.614705882,0.742370892,0.742370892,0.743534483
109,0.615584416,0.742384106,0.742384106,0.743589744
110,0.610958904,0.742414861,0.742414861,0.743589744
111,0.615782665,0.742433601,0.742433601,0.743605739
112,0.614035088,0.74248927,0.74248927,0.743627307
113,0.609822647,0.742504409,0.742504409,0.743687835
114,0.610570236,0.742521994,0.742521994,0.743715689
115,0.614243323,0.742534837,0.742534837,0.74375
116,0.611341632,0.742547425,0.742547425,0.743775607
117,0.611796982,0.742556918,0.742556918,0.743777452
118,0.616083009,0.742608696,0.742608696,0.743806836
119,0.611491108,0.742647059,0.742647059,0.743811881
120,0.615271659,0.742672919,0.742672919,0.743842365
121,0.61627907,0.742679128,0.742679128,0.743859649
122,0.61459854,0.74270557,0.74270557,0.743863702
123,0.610354223,0.742738589,0.742738589,0.743882545
124,0.611111111,0.742823667,0.742823667,0.743902439
125,0.611878453,0.74289246,0.74289246,0.743927422
126,0.616774194,0.742907801,0.742907801,0.74393531
127,0.610655738,0.74291939,0.74291939,0.743955724
128,0.614369501,0.742930591,0.742930591,0.743967408
129,0.597701149,0.742957746,0.742957746,0.743969776
130,0.610878661,0.742974239,0.742974239,0.743982495
131,0.611650485,0.742980562,0.742980562,0.744011544
132,0.612413793,0.743002545,0.743002545,0.744013491
133,0.601123596,0.743006993,0.743006993,0.744025338
134,0.617268041,0.743071594,0.743071594,0.744038156
135,0.614934114,0.743073048,0.743073048,0.744063325
136,0.612947658,0.743073048,0.743073048,0.744077216
137,0.604477612,0.743107769,0.743107769,0.744086022
138,0.612637363,0.743124634,0.743124634,0.744104803
139,0.617760618,0.74315515,0.74315515,0.744118501
140,0.621383648,0.743157895,0.743157895,0.74412778
141,0.618251928,0.743215031,0.743215031,0.74413998
142,0.612359551,0.74321985,0.74321985,0.744159215
143,0.611500701,0.743243243,0.743243243,0.744172662
144,0.621859296,0.743261456,0.743261456,0.744186047
145,0.611731844,0.743268629,0.743268629,0.744200826
146,0.618741977,0.743271222,0.743271222,0.744226834
147,0.620076239,0.743274854,0.743274854,0.744227353
148,0.613832853,0.743276284,0.743276284,0.744245524
149,0.620253165,0.74330617,0.74330617,0.74425371
150,0.622333752,0.743321719,0.743321719,0.744267054
151,0.612044818,0.743329098,0.743329098,0.744268078
152,0.622971286,0.743341404,0.743341404,0.744282744
153,0.605947955,0.743367935,0.743367935,0.744306717
154,0.619230769,0.743383199,0.743383199,0.744308231
155,0.613480055,0.743403694,0.743403694,0.744308809
156,0.6,0.743424898,0.743424898,0.744319816
157,0.609929078,0.743429287,0.743429287,0.744338694
158,0.620558376,0.743455497,0.743455497,0.74436329
159,0.615156018,0.743455497,0.743455497,0.744368266
160,0.620733249,0.743470691,0.743470691,0.744376278
161,0.599099099,0.743478261,0.743478261,0.744389391
162,0.603351955,0.743492063,0.743492063,0.744415434
163,0.622807018,0.74351585,0.74351585,0.744454048
164,0.623441397,0.743530765,0.743530765,0.744466801
165,0.612587413,0.743534483,0.743534483,0.744471744
166,0.606557377,0.743550835,0.743550835,0.744477415
167,0.61516035,0.743572841,0.743572841,0.744506396
168,0.61971831,0.743574766,0.743574766,0.744511613
169,0.62103929,0.743589744,0.743589744,0.744525547
170,0.610481586,0.743604651,0.743604651,0.744525547
171,0.621212121,0.743606557,0.743606557,0.744541485
172,0.623279099,0.74361949,0.74361949,0.744563642
173,0.623910336,0.743639922,0.743639922,0.744565217
174,0.620204604,0.743639922,0.743639922,0.744588745
175,0.62086514,0.743654822,0.743654822,0.744674643
176,0.615720524,0.743654822,0.743654822,0.744687599
177,0.621689786,0.743663594,0.743663594,0.744687806
178,0.615384615,0.743678161,0.743678161,0.744725738
179,0.611032532,0.74372446,0.74372446,0.74472916
180,0.614718615,0.74373908,0.74373908,0.744755245
181,0.62375,0.743741765,0.743741765,0.744756373
182,0.624378109,0.743768116,0.743768116,0.744769874
183,0.605504587,0.743774574,0.743774574,0.744813278
184,0.607407407,0.743801653,0.743801653,0.744823564
185,0.620689655,0.743811169,0.743811169,0.744845361
186,0.609489051,0.743817375,0.743817375,0.744849445
187,0.622166247,0.743825388,0.743825388,0.744854623
188,0.61627907,0.743873979,0.743873979,0.744897959
189,0.610795455,0.743902439,0.743902439,0.744907856
190,0.611581921,0.743902439,0.743902439,0.744949495
191,0.615942029,0.74391657,0.74391657,0.744977869
192,0.600896861,0.74393531,0.74393531,0.744985673
193,0.621173469,0.743939394,0.743939394,0.74500508
194,0.61212976,0.743958197,0.743958197,0.745011086
195,0.604575163,0.743975904,0.743975904,0.745072698
196,0.602272727,0.743979721,0.743979721,0.745075649
197,0.615050651,0.743982495,0.743982495,0.745084512
198,0.605555556,0.744005185,0.744005185,0.745098039
199,0.61294964,0.744023324,0.744023324,0.744023324
200,0.621656051,0.734034707,0.744034707,0.745098039
201,0.61230329,0.744036106,0.744036106,0.745111492
202,0.608695652,0.744063325,0.744063325,0.745140389
203,0.609022556,0.744125326,0.744125326,0.745145631
204,0.612676056,0.744140625,0.744140625,0.745164574
205,0.606741573,0.744141862,0.744141862,0.745177665
206,0.615606936,0.744172494,0.744172494,0.745199197
207,0.601895735,0.744186047,0.744186047,0.745200698
208,0.608856089,0.744217687,0.744217687,0.745221113
209,0.612068966,0.74422188,0.74422188,0.745237326
210,0.610526316,0.744248985,0.744248985,0.745247148
211,0.607305936,0.744274809,0.744274809,0.745257453
212,0.611664296,0.744303797,0.744303797,0.745286253
213,0.625615764,0.744314266,0.744314266,0.745337403
214,0.613220816,0.744326778,0.744326778,0.745345173
215,0.614457831,0.744345442,0.744345442,0.745350017
216,0.614925373,0.744351194,0.744351194,0.745355816
217,0.612625538,0.744376278,0.744376278,0.745460774
218,0.602678571,0.74440678,0.74440678,0.745490982
219,0.62484472,0.744421907,0.744421907,0.745497791
220,0.615151515,0.744438106,0.744438106,0.745501285
221,0.626076261,0.744516129,0.744516129,0.745509997
222,0.614220877,0.744520548,0.744520548,0.745547074
223,0.614692654,0.744558992,0.744558992,0.745588707
224,0.615499255,0.744579946,0.744579946,0.745596869
225,0.608187135,0.744583808,0.744583808,0.745598895
226,0.613180516,0.744588745,0.744588745,0.745614035
227,0.625310174,0.744594595,0.744594595,0.745634017
228,0.625925926,0.744604317,0.744604317,0.745636624
229,0.571428571,0.744639376,0.744639376,0.745652174
230,0.601156069,0.744680851,0.744680851,0.745660377
231,0.614803625,0.744695414,0.744695414,0.745670628
232,0.610294118,0.744705209,0.744705209,0.745721271
233,0.615269461,0.744717304,0.744717304,0.745751844
234,0.616071429,0.744721689,0.744721689,0.745774648
235,0.607734807,0.744725738,0.744725738,0.745782099
236,0.625774473,0.744738629,0.744738629,0.745810849
237,0.626387176,0.744752877,0.744752877,0.745901639
238,0.610810811,0.744827586,0.744827586,0.745914771
239,0.603773585,0.744851259,0.744851259,0.745919092
240,0.606481481,0.7448618,0.7448618,0.745945946
241,0.615384615,0.744863014,0.744863014,0.745945946
242,0.615037594,0.744871795,0.744871795,0.745945946
243,0.615844544,0.74490513,0.74490513,0.745953554
244,0.626237624,0.744911805,0.744911805,0.746019712
245,0.604545455,0.744949495,0.744949495,0.746031746
246,0.612565445,0.744990893,0.744990893,0.746031746
247,0.611428571,0.744997141,0.744997141,0.74609375
248,0.601809955,0.745035234,0.745035234,0.746099291
249,0.604444444,0.745042493,0.745042493,0.74611399
250,0.616084977,0.745062837,0.745062837,0.746124031
251,0.626699629,0.74508427,0.74508427,0.746132208
252,0.615615616,0.745098039,0.745098039,0.746153846
253,0.625307125,0.745136187,0.745136187,0.746203905
254,0.611982882,0.745142857,0.745142857,0.746251768
255,0.611721612,0.745173745,0.745173745,0.746350365
256,0.604255319,0.745175936,0.745175936,0.74639525
257,0.607142857,0.745198464,0.745198464,0.746402878
258,0.612535613,0.745341615,0.745341615,0.746428571
259,0.605633803,0.745341615,0.745341615,0.746500778
260,0.608294931,0.745454545,0.745454545,0.74653857
261,0.60989011,0.745519713,0.745519713,0.746588694
262,0.612903226,0.745551601,0.745551601,0.746615087
263,0.618683002,0.745557925,0.745557925,0.746619217
264,0.613756614,0.745614035,0.745614035,0.746681728
265,0.624539877,0.745618994,0.745618994,0.746812386
266,0.617021277,0.74566474,0.74566474,0.746824725
267,0.614583333,0.745697897,0.745697897,0.746835443
268,0.605863192,0.745714286,0.745714286,0.746853147
269,0.613402062,0.745736434,0.745736434,0.746858169
270,0.619047619,0.745738636,0.745738636,0.74688057
271,0.619266055,0.745762712,0.745762712,0.74689441
272,0.625,0.745810056,0.745810056,0.74696756
273,0.605932203,0.745825603,0.745825603,0.746970777
274,0.619631902,0.745882353,0.745882353,0.747104247
275,0.625458996,0.745901639,0.745901639,0.747110234
276,0.619847328,0.745906268,0.745906268,0.747126437
277,0.604761905,0.745907473,0.745907473,0.747126437
278,0.607476636,0.745916515,0.745916515,0.747150997
279,0.609467456,0.745967742,0.745967742,0.747211896
280,0.609195402,0.746008708,0.746008708,0.747222222
281,0.62591687,0.746031746,0.746031746,0.747252747
282,0.607142857,0.746049661,0.746049661,0.747252747
283,0.606451613,0.746054519,0.746054519,0.747272727
284,0.603524229,0.746077033,0.746077033,0.747315676
285,0.614973262,0.746088193,0.746088193,0.74732334
286,0.626373626,0.746099291,0.746099291,0.747330961
287,0.616580311,0.746153846,0.746153846,0.747368421
288,0.607594937,0.746173469,0.746173469,0.7473951
289,0.606694561,0.746185853,0.746185853,0.747400955
290,0.609053498,0.746192893,0.746192893,0.747433265
291,0.626829268,0.746246246,0.746246246,0.747435897
292,0.607260726,0.746258019,0.746258019,0.747474747
293,0.606557377,0.746335964,0.746335964,0.747482014
294,0.62,0.746350365,0.746350365,0.747496423
295,0.608527132,0.746408046,0.746408046,0.747503566
296,0.608414239,0.746418338,0.746418338,0.747537292
297,0.6272838,0.746425884,0.746425884,0.747550867
298,0.610687023,0.746428571,0.746428571,0.747558227
299,0.609848485,0.746436609,0.746436609,0.747559275
300,0.609302326,0.740438746,0.746438746,0.747580045
301,0.627737226,0.746438746,0.746438746,0.747591522
302,0.618902439,0.746445498,0.746445498,0.747636364
303,0.611764706,0.746468401,0.746468401,0.747641509
304,0.604651163,0.746478873,0.746478873,0.747656813
305,0.62818955,0.746478873,0.746478873,0.747663551
306,0.628778718,0.746478873,0.746478873,0.747663551
307,0.62037037,0.746500778,0.746500778,0.747663551
308,0.608552632,0.746518106,0.746518106,0.747676912
309,0.608333333,0.746575342,0.746575342,0.747676912
310,0.616666667,0.746580274,0.746580274,0.747679325
311,0.628640777,0.746590093,0.746590093,0.747690121
312,0.61003861,0.746609565,0.746609565,0.747714808
313,0.6121673,0.746616541,0.746616541,0.747740964
314,0.611320755,0.746621622,0.746621622,0.747747748
315,0.620955316,0.746626687,0.746626687,0.747759283
316,0.617960426,0.746656761,0.746656761,0.747767857
317,0.629090909,0.746666667,0.746666667,0.747774481
318,0.620743034,0.746715328,0.746715328,0.747807018
319,0.616246499,0.746741155,0.746741155,0.747821198
320,0.629539952,0.746753247,0.746753247,0.747830954
321,0.628915663,0.746764209,0.746764209,0.747844828
322,0.620915033,0.746771477,0.746771477,0.747855918
323,0.609958506,0.746771879,0.746771879,0.747857143
324,0.6203125,0.746781116,0.746781116,0.747930775
325,0.610655738,0.7467903,0.7467903,0.747936984
326,0.620528771,0.746799431,0.746799431,0.74795539
327,0.621329212,0.746803069,0.746803069,0.747961453
328,0.629227053,0.746806912,0.746806912,0.74796748
329,0.610778443,0.746816479,0.746816479,0.74796748
330,0.61328125,0.746835443,0.746835443,0.747983871
331,0.611538462,0.74684484,0.74684484,0.748002905
332,0.620689655,0.746854182,0.746854182,0.748008689
333,0.621533442,0.746875,0.746875,0.748019017
334,0.620745543,0.746875,0.746875,0.748020158
335,0.617318436,0.746906637,0.746906637,0.748025844
336,0.617021277,0.746918057,0.746918057,0.748037116
337,0.620689655,0.74692697,0.74692697,0.748043818
338,0.620904836,0.746944644,0.746944644,0.748043818
339,0.621118012,0.74695122,0.74695122,0.748081841
340,0.609271523,0.746987952,0.746987952,0.748091603
341,0.592592593,0.746987952,0.746987952,0.74811463
342,0.621311475,0.747008547,0.747008547,0.748134328
343,0.622149837,0.747011952,0.747011952,0.748137109
344,0.629674306,0.74702381,0.74702381,0.748142645
345,0.621359223,0.747032641,0.747032641,0.748148148
346,0.622186495,0.74704142,0.74704142,0.748166259
347,0.607655502,0.747044917,0.747044917,0.748185776
348,0.622820919,0.747048904,0.747048904,0.748191027
349,0.621495327,0.747099768,0.747099768,0.748218527
350,0.611801242,0.747101449,0.747101449,0.74824979
351,0.621705426,0.747109827,0.747109827,0.748287671
352,0.613496933,0.747126437,0.747126437,0.748329621
353,0.60619469,0.74715262,0.74715262,0.748334567
354,0.600877193,0.747191011,0.747191011,0.748344371
355,0.611570248,0.747203579,0.747203579,0.748368383
356,0.618384401,0.747203579,0.747203579,0.748387097
357,0.62193126,0.747220163,0.747220163,0.748396294
358,0.622764228,0.747228381,0.747228381,0.7484375
359,0.621970921,0.747228381,0.747228381,0.748473748
360,0.622792937,0.747244673,0.747244673,0.748490946
361,0.613513514,0.747252747,0.747252747,0.748502994
362,0.610894942,0.747269891,0.747269891,0.74852071
363,0.620853081,0.747284576,0.747284576,0.748529412
364,0.621069182,0.747338936,0.747338936,0.748538012
365,0.621283255,0.747399703,0.747399703,0.748546512
366,0.610909091,0.747415066,0.747415066,0.748677985
367,0.628158845,0.74743025,0.74743025,0.748710391
368,0.592857143,0.747460087,0.747460087,0.748730964
369,0.588652482,0.74749499,0.74749499,0.748760331
370,0.593103448,0.747524752,0.747524752,0.748763343
371,0.608695652,0.747560976,0.747560976,0.748815166
372,0.591836735,0.747608536,0.747608536,0.748815166
373,0.621710526,0.747621712,0.747621712,0.748829953
374,0.621753247,0.747628083,0.747628083,0.748829953
375,0.622580645,0.747634069,0.747634069,0.748837209
376,0.623397436,0.747641509,0.747641509,0.748858447
377,0.613207547,0.747663551,0.747663551,0.748858447
378,0.621451104,0.747663551,0.747663551,0.748858447
379,0.62166405,0.747663551,0.747663551,0.748858447
380,0.611285266,0.747685185,0.747685185,0.748878924
381,0.613003096,0.747720365,0.747720365,0.748888889
382,0.614678899,0.747720365,0.747720365,0.748895434
383,0.628605769,0.747767857,0.747767857,0.748911466
384,0.626136364,0.747774481,0.747774481,0.748995984
385,0.614555256,0.747782003,0.747782003,0.749010293
386,0.611111111,0.747787611,0.747787611,0.749024707
387,0.623188406,0.747794118,0.747794118,0.74904943
388,0.624,0.747826087,0.747826087,0.74904943
389,0.623211447,0.747911921,0.747911921,0.74904943
390,0.622047244,0.747913189,0.747913189,0.749055178
391,0.602620087,0.747924528,0.747924528,0.74906367
392,0.615686275,0.747940692,0.747940692,0.749069248
393,0.612318841,0.747980614,0.747980614,0.749082007
394,0.627293578,0.748,0.748,0.749142706
395,0.61,0.748031496,0.748031496,0.749153425
396,0.626560726,0.748043818,0.748043818,0.749155186
397,0.624600639,0.748053393,0.748053393,0.749174917
398,0.623809524,0.748101266,0.748101266,0.749190939
399,0.621835443,0.748103187,0.748103187,0.749211356
400,0.6125,0.748106061,0.748106061,0.749216301
401,0.614197531,0.748120301,0.748120301,0.749240122
402,0.617728532,0.748134328,0.748134328,0.749273448
403,0.627720504,0.748148148,0.748148148,0.74927498
404,0.626848692,0.748166259,0.748166259,0.749279539
405,0.626984127,0.74817898,0.74817898,0.749285529
406,0.623604466,0.748241913,0.748241913,0.749367089
407,0.627586207,0.74829932,0.74829932,0.749405862
408,0.628146453,0.748310811,0.748310811,0.749408362
409,0.626712329,0.748329621,0.748329621,0.749408983
410,0.627406569,0.748387097,0.748387097,0.749410841
411,0.628248588,0.748417722,0.748417722,0.749415736
412,0.627562642,0.748417722,0.748417722,0.749419954
413,0.627880184,0.748419722,0.748419722,0.749432248
414,0.629051621,0.748427673,0.748427673,0.749435666
415,0.622734761,0.748427673,0.748427673,0.749440716
416,0.622296173,0.748440748,0.748440748,0.749442379
417,0.628668172,0.748484848,0.748484848,0.749445676
418,0.6283084,0.748489426,0.748489426,0.749498998
419,0.629496403,0.748502994,0.748502994,0.749514563
420,0.629901961,0.74852071,0.74852071,0.749525617
421,0.619834711,0.748538012,0.748538012,0.74952919
422,0.622923588,0.748550343,0.748550343,0.74953271
423,0.629086809,0.748554913,0.748554913,0.749537159
424,0.610738255,0.748568454,0.748568454,0.749542005
425,0.608843537,0.748571429,0.748571429,0.749545808
426,0.60899654,0.748582231,0.748582231,0.749576988
427,0.611888112,0.748590755,0.748590755,0.749596123
428,0.62994012,0.748592871,0.748592871,0.749603803
429,0.616600791,0.748595506,0.748595506,0.749606299
430,0.612244898,0.748603352,0.748603352,0.749606299
431,0.62987013,0.748626374,0.748626374,0.749620637
432,0.606060606,0.748675246,0.748675246,0.749621785
433,0.628507295,0.748680042,0.748680042,0.749633968
434,0.629504505,0.748682824,0.748682824,0.749638205
435,0.628604383,0.748691099,0.748691099,0.74965035
436,0.630331754,0.748701973,0.748701973,0.749653452
437,0.630382775,0.748704663,0.748704663,0.749656121
438,0.608695652,0.748735245,0.748735245,0.749669574
439,0.60591133,0.748760331,0.748760331,0.749675746
440,0.630806846,0.748784441,0.748784441,0.749675746
441,0.623140496,0.748792271,0.748792271,0.749711649
442,0.608910891,0.748812665,0.748812665,0.749712974
443,0.62720403,0.748817656,0.748817656,0.749718151
444,0.625954198,0.748822606,0.748822606,0.749792186
445,0.61,0.748822606,0.748822606,0.749805548
446,0.612244898,0.748832382,0.748832382,0.749810462
447,0.63027027,0.748837209,0.748837209,0.749814402
448,0.617977528,0.748847926,0.748847926,0.74982382
449,0.630769231,0.748853211,0.748853211,0.749930767
450,0.621301775,0.748858447,0.748858447,0.749931526
451,0.618618619,0.748865356,0.748865356,0.749933845
452,0.601265823,0.748873874,0.748873874,0.749935216
453,0.597402597,0.748888889,0.748888889,0.749935617
454,0.607717042,0.748891353,0.748891353,0.749937422
455,0.630669546,0.748892171,0.748892171,0.75
456,0.630151844,0.748942918,0.748942918,0.75
457,0.623762376,0.748948107,0.748948107,0.75
458,0.597315436,0.748953975,0.748953975,0.75
459,0.6287964,0.748953975,0.748953975,0.75
460,0.594405594,0.748962656,0.748962656,0.75
461,0.610169492,0.748971193,0.748971193,0.75
462,0.610921502,0.748982361,0.748982361,0.75
463,0.610344828,0.749030471,0.749030471,0.75
464,0.631205674,0.749056604,0.749056604,0.75
465,0.63064133,0.74906367,0.74906367,0.75
466,0.630071599,0.749075541,0.749075541,0.75
467,0.610108303,0.749082007,0.749082007,0.75
468,0.629353234,0.749092794,0.749092794,0.75
469,0.628140704,0.749136939,0.749136939,0.75
470,0.626903553,0.749140893,0.749140893,0.75
471,0.631067961,0.749144812,0.749144812,0.75
472,0.630552546,0.749158249,0.749158249,0.75
473,0.628762542,0.749169435,0.749169435,0.75
474,0.628219485,0.749190939,0.749190939,0.750062547
475,0.629213483,0.749196141,0.749196141,0.750068437
476,0.616847826,0.749216301,0.749216301,0.750175932
477,0.629330254,0.749216301,0.749216301,0.750185322
478,0.618110236,0.749222798,0.749222798,0.750187547
479,0.616,0.749244713,0.749244713,0.750187923
480,0.623548922,0.749262537,0.749262537,0.750193349
481,0.613821138,0.749262537,0.749262537,0.750205198
482,0.631641086,0.749271137,0.749271137,0.750206555
483,0.631079478,0.749279539,0.749279539,0.750207011
484,0.630512515,0.74929972,0.74929972,0.750282486
485,0.607758621,0.749303621,0.749303621,0.750285063
486,0.630434783,0.749308246,0.749308246,0.750286369
487,0.624277457,0.749315068,0.749315068,0.750287687
488,0.629175947,0.749315818,0.749315818,0.750297265
489,0.628635347,0.749338974,0.749338974,0.75030303
490,0.622418879,0.749352667,0.749352667,0.750309023
491,0.619760479,0.749356665,0.749356665,0.750312422
492,0.630896226,0.749374687,0.749374687,0.750313048
493,0.630952381,0.749382716,0.749382716,0.750320102
494,0.610576923,0.749394673,0.749394673,0.75032076
495,0.608974359,0.749406176,0.749406176,0.750322082
496,0.607843137,0.749425287,0.749425287,0.75033095
497,0.630785791,0.749427918,0.749427918,0.75034181
498,0.630836048,0.749430524,0.749430524,0.750342936
499,0.631449631,0.749435666,0.749435666,0.750344068
500,0.624172185,0.743452954,0.749452954,0.750344828
501,0.630272953,0.7495,0.7495,0.750348675
502,0.629072682,0.74952919,0.74952919,0.75036075
503,0.594339623,0.749579832,0.749579832,0.750364964
504,0.627848101,0.749582638,0.749582638,0.750369276
505,0.629588432,0.749586321,0.749586321,0.750378215
506,0.629050279,0.749587232,0.749587232,0.750392465
507,0.611940299,0.74958994,0.74958994,0.750392465
508,0.611486486,0.749613601,0.749613601,0.750402576
509,0.614213198,0.749618321,0.749618321,0.750405186
510,0.618421053,0.749624437,0.749624437,0.750421585
511,0.611683849,0.749625187,0.749625187,0.750438927
512,0.615591398,0.749631811,0.749631811,0.750447914
513,0.609756098,0.74965035,0.74965035,0.750448833
514,0.631330978,0.749652295,0.749652295,0.750469043
515,0.61852861,0.749658003,0.749658003,0.75047259
516,0.631391201,0.749659864,0.749659864,0.750477229
517,0.612676056,0.749665328,0.749665328,0.750482492
518,0.630824373,0.749675746,0.749675746,0.750527056
519,0.611510791,0.74970344,0.74970344,0.750555144
520,0.63,0.749712974,0.749712974,0.750556793
521,0.629464286,0.749714286,0.749714286,0.750560678
522,0.628923767,0.749715586,0.749715586,0.750561798
523,0.631764706,0.749719416,0.749719416,0.750564051
524,0.623529412,0.749724366,0.749724366,0.750569476
525,0.631120783,0.749724972,0.749724972,0.750572082
526,0.620895522,0.749726776,0.749726776,0.750574713
527,0.631707317,0.74973545,0.74973545,0.750575595
528,0.61752988,0.749742533,0.749742533,0.750576775
529,0.615853659,0.74974359,0.74974359,0.750582751
530,0.615384615,0.749744115,0.749744115,0.750593824
531,0.631188119,0.74974975,0.74974975,0.750613246
532,0.63,0.74975025,0.74975025,0.750620006
533,0.628787879,0.74980016,0.74980016,0.750621375
534,0.603773585,0.749862259,0.749862259,0.750649351
535,0.6,0.74986376,0.74986376,0.750670241
536,0.59602649,0.749871861,0.749871861,0.750681199
537,0.619422572,0.749872123,0.749872123,0.750684932
538,0.610223642,0.749874687,0.749874687,0.750696379
539,0.631465517,0.75,0.75,0.75070028
540,0.60944206,0.75,0.75,0.750703145
541,0.6,0.75,0.75,0.750704586
542,0.629300777,0.75,0.75,0.750706033
543,0.597222222,0.75,0.75,0.750749115
544,0.612794613,0.75,0.75,0.750764526
545,0.62962963,0.75,0.75,0.750815558
546,0.622807018,0.75,0.75,0.75083612
547,0.613013699,0.75,0.75,0.750841751
548,0.611111111,0.75,0.75,0.750841751
549,0.61971831,0.75,0.75,0.750857143
550,0.631808279,0.75,0.75,0.750877193
551,0.631291028,0.75,0.75,0.75088968
552,0.630769231,0.75,0.75,0.750906892
553,0.629711752,0.75,0.75,0.750923873
554,0.609756098,0.75,0.75,0.750934929
555,0.622478386,0.75,0.75,0.750938673
556,0.632603406,0.75,0.75,0.750943396
557,0.612903226,0.75,0.75,0.750953956
558,0.625,0.75,0.75,0.750996545
559,0.624633431,0.75,0.75,0.751004016
560,0.630922693,0.75,0.75,0.751020408
561,0.630057803,0.75,0.75,0.751025992
562,0.62202381,0.750127747,0.750127747,0.751043115
563,0.631693989,0.750128008,0.750128008,0.751067571
564,0.617021277,0.750128271,0.750128271,0.751069721
565,0.631174533,0.750136091,0.750136091,0.751076222
566,0.630121816,0.750190985,0.750190985,0.751079137
567,0.620418848,0.750250752,0.750250752,0.7510806
568,0.616621984,0.750279955,0.750279955,0.751091703
569,0.611464968,0.750295858,0.750295858,0.751104566
570,0.630107527,0.750301568,0.750301568,0.751121076
571,0.619047619,0.750373692,0.750373692,0.751128818
572,0.620218579,0.750381291,0.750381291,0.751148545
573,0.63209607,0.750398301,0.750398301,0.751152074
574,0.616935484,0.750402576,0.750402576,0.751184834
575,0.631578947,0.750415973,0.750415973,0.751194969
576,0.631455399,0.750502008,0.750502008,0.751202227
577,0.631057269,0.750503018,0.750503018,0.751207116
578,0.630530973,0.750506073,0.750506073,0.751207729
579,0.622704508,0.75050813,0.75050813,0.751226349
580,0.633495146,0.750530786,0.750530786,0.751252087
581,0.630504834,0.750559284,0.750559284,0.75128831
582,0.630359212,0.750566893,0.750566893,0.751291513
583,0.623563218,0.750573833,0.750573833,0.75130176
584,0.632497274,0.750591017,0.750591017,0.751309956
585,0.631982475,0.75060241,0.75060241,0.751320091
586,0.631463146,0.750626566,0.750626566,0.751328105
587,0.630939227,0.750628457,0.750628457,0.751330798
588,0.626086957,0.750632271,0.750632271,0.751333503
589,0.625730994,0.75063484,0.75063484,0.751338944
590,0.621409922,0.750649351,0.750649351,0.751395905
591,0.623145401,0.750677507,0.750677507,0.751399776
592,0.612099644,0.750681199,0.750681199,0.751418842
593,0.630901288,0.750708215,0.750708215,0.751425031
594,0.614285714,0.750716332,0.750716332,0.751445087
595,0.618181818,0.750733138,0.750733138,0.751453856
596,0.617647059,0.75074331,0.75074331,0.751456803
597,0.631346578,0.750753769,0.750753769,0.751459761
598,0.630409357,0.750758342,0.750758342,0.75147929
599,0.60625,0.75,0.750759878,0.751507841
600,0.630715123,0.750761421,0.750761421,0.751548179
601,0.602564103,0.750766871,0.750766871,0.75155112
602,0.590909091,0.750797024,0.750797024,0.751554474
603,0.598684211,0.750837989,0.750837989,0.751568381
604,0.623901582,0.750849377,0.750849377,0.751585892
605,0.612698413,0.750866766,0.750866766,0.751625488
606,0.631296892,0.750869061,0.750869061,0.751666667
607,0.611650485,0.750878955,0.750878955,0.751671206
608,0.634382567,0.750884285,0.750884285,0.751677852
609,0.632098765,0.750885478,0.750885478,0.75168509
610,0.631753032,0.750886076,0.750886076,0.751688733
611,0.598130841,0.750887874,0.750887874,0.751696065
612,0.630841121,0.750902527,0.750902527,0.75170068
613,0.631147541,0.750938673,0.750938673,0.751705321
614,0.623115578,0.750943396,0.750943396,0.751711894
615,0.632197415,0.750945435,0.750945435,0.751724138
616,0.630965005,0.750957854,0.750957854,0.751740139
617,0.613065327,0.750969744,0.750969744,0.75177305
618,0.618473896,0.750990099,0.750990099,0.75177305
619,0.622395833,0.750993377,0.750993377,0.751780015
620,0.618666667,0.751007252,0.751007252,0.7517934
621,0.631271879,0.751014199,0.751014199,0.751807229
622,0.631355932,0.751077586,0.751077586,0.751818917
623,0.619335347,0.751079914,0.751079914,0.751835536
624,0.623745819,0.751084599,0.751084599,0.751879699
625,0.613475177,0.75111331,0.75111331,0.75190184
626,0.620879121,0.751116071,0.751116071,0.751916095
627,0.6352657,0.751140395,0.751140395,0.751920123
628,0.633004926,0.751148545,0.751148545,0.751952599
629,0.631701632,0.751152074,0.751152074,0.751955307
630,0.631746032,0.751162791,0.751162791,0.75198939
631,0.613924051,0.751179245,0.751179245,0.752023547
632,0.632196162,0.751196172,0.751196172,0.752035529
633,0.631691649,0.751201923,0.751201923,0.752039555
634,0.621468927,0.751211632,0.751211632,0.752066116
635,0.62755102,0.751226693,0.751226693,0.752095808
636,0.623376623,0.751322751,0.751322751,0.752105897
637,0.63185654,0.751343054,0.751343054,0.752110514
638,0.632135307,0.751345533,0.751345533,0.752136752
639,0.63163482,0.7513487,0.7513487,0.752140935
640,0.619680851,0.751355538,0.751355538,0.752145134
641,0.632587859,0.751393534,0.751393534,0.752149349
642,0.632085561,0.751412429,0.751412429,0.75215783
643,0.626822157,0.751428571,0.751428571,0.752162095
644,0.636144578,0.751470588,0.751470588,0.752212389
645,0.620481928,0.75147232,0.75147232,0.752232143
646,0.632244468,0.75147929,0.75147929,0.752262167
647,0.621917808,0.751482213,0.751482213,0.752284515
648,0.625,0.7515006,0.7515006,0.752293578
649,0.612121212,0.751552795,0.751552795,0.752300613
650,0.632478632,0.751589242,0.751589242,0.752317881
651,0.608695652,0.751592357,0.751592357,0.752329193
652,0.624161074,0.751595484,0.751595484,0.752332711
653,0.614840989,0.751601774,0.751601774,0.752358491
654,0.630232558,0.751604938,0.751604938,0.752397344
655,0.60130719,0.751612903,0.751612903,0.752403846
656,0.631914894,0.751625488,0.751625488,0.752406813
657,0.624352332,0.751651255,0.751651255,0.752464695
658,0.615141956,0.751670379,0.751670379,0.752475248
659,0.632870864,0.751710655,0.751710655,0.752498078
660,0.621776504,0.751727542,0.751727542,0.752503577
661,0.62005277,0.751731486,0.751731486,0.752508361
662,0.620689655,0.751764706,0.751764706,0.75250918
663,0.632523759,0.751784298,0.751784298,0.752519046
664,0.630662021,0.751818917,0.751818917,0.752521334
665,0.637019231,0.751842752,0.751842752,0.752523214
666,0.632306057,0.751850025,0.751850025,0.752596538
667,0.623946037,0.751863685,0.751863685,0.752604167
668,0.631578947,0.751946607,0.751946607,0.75261324
669,0.631090487,0.751956947,0.751956947,0.752620034
670,0.63096624,0.751964637,0.751964637,0.752645503
671,0.625322997,0.751980983,0.751980983,0.752650177
672,0.624579125,0.751995742,0.751995742,0.752679635
673,0.631966351,0.75200857,0.75200857,0.752721617
674,0.594594595,0.752039152,0.752039152,0.752731688
675,0.623287671,0.752056404,0.752056404,0.75274056
676,0.621693122,0.752070141,0.752070141,0.752783964
677,0.622857143,0.752117013,0.752117013,0.752860969
678,0.637889688,0.752123552,0.752123552,0.752875843
679,0.632352941,0.752136752,0.752136752,0.752941176
680,0.626102293,0.752163651,0.752163651,0.752960392
681,0.625210084,0.752177356,0.752177356,0.752981261
682,0.623931624,0.752190847,0.752190847,0.753052383
683,0.63273872,0.752212389,0.752212389,0.75307174
684,0.62628866,0.752293578,0.752293578,0.753101435
685,0.614457831,0.752311436,0.752311436,0.7532097
686,0.623467601,0.752314815,0.752314815,0.753221493
687,0.611111111,0.752347418,0.752347418,0.753231492
688,0.623229462,0.752373418,0.752373418,0.753267327
689,0.596153846,0.752427184,0.752427184,0.753276793
690,0.638755981,0.752431907,0.752431907,0.75328693
691,0.623931624,0.752505783,0.752505783,0.753303965
692,0.627208481,0.75253708,0.75253708,0.753341434
693,0.63312369,0.752552261,0.752552261,0.753341434
694,0.625,0.752553024,0.752553024,0.753412969
695,0.624573379,0.75256917,0.75256917,0.753419304
696,0.633507853,0.752595156,0.752595156,0.753440818
697,0.624125874,0.752604167,0.752604167,0.753460076
698,0.627249357,0.752637749,0.752637749,0.753461258
699,0.629432624,0.752658766,0.752658766,0.753462604
700,0.633891213,0.752662002,0.752662002,0.753464291
701,0.624356775,0.752672498,0.752672498,0.753477589
702,0.624567474,0.752696456,0.752696456,0.753518124
703,0.62478185,0.752730109,0.752730109,0.753521127
704,0.634273772,0.7527339,0.7527339,0.753524135
705,0.640366972,0.752737226,0.752737226,0.753535046
706,0.628205128,0.752747253,0.752747253,0.753539351
707,0.634655532,0.752755906,0.752755906,0.753557372
708,0.640696609,0.752759382,0.752759382,0.753572975
709,0.62543554,0.752770673,0.752770673,0.753580966
710,0.640294388,0.752792618,0.752792618,0.753585398
711,0.63724854,0.752808989,0.752808989,0.75359116
712,0.635036496,0.752808989,0.752808989,0.753609971
713,0.628318584,0.752812405,0.752812405,0.75361187
714,0.636838668,0.752818734,0.752818734,0.753614366
715,0.641025641,0.752819262,0.752819262,0.753618818
716,0.63654224,0.752840909,0.752840909,0.753623188
717,0.640625,0.752873563,0.752873563,0.753623188
718,0.613496933,0.752876012,0.752876012,0.753623188
719,0.637128072,0.752880922,0.752880922,0.753623188
720,0.624784854,0.752884032,0.752884032,0.753629377
721,0.636835279,0.752887538,0.752887538,0.753634578
722,0.637662338,0.752894576,0.752894576,0.753636364
723,0.637841352,0.752912621,0.752912621,0.753640777
724,0.625215889,0.752937632,0.752937632,0.753646039
725,0.637075718,0.752941176,0.752941176,0.753667954
726,0.636780105,0.752951862,0.752951862,0.75368485
727,0.626086957,0.752955441,0.752955441,0.753689335
728,0.641354071,0.752956636,0.752956636,0.753693096
729,0.637362637,0.752959029,0.752959029,0.753697555
730,0.640955005,0.752973468,0.752973468,0.753698338
731,0.637070642,0.752981261,0.752981261,0.753700558
732,0.638076673,0.752986348,0.752986348,0.753715499
733,0.62915601,0.753012048,0.753012048,0.753728164
734,0.637312459,0.753015682,0.753015682,0.753734528
735,0.637017659,0.753030303,0.753030303,0.753759684
736,0.637231504,0.753031974,0.753031974,0.75376733
737,0.636721311,0.753032508,0.753032508,0.753771877
738,0.62605753,0.753032929,0.753032929,0.753778049
739,0.637596899,0.753033981,0.753033981,0.75378624
740,0.625212947,0.75304878,0.75304878,0.753799392
741,0.637305699,0.75308642,0.75308642,0.75382676
742,0.641681901,0.75308642,0.75308642,0.753833049
743,0.637548892,0.753090142,0.753090142,0.753834472
744,0.640883978,0.753091684,0.753091684,0.753846154
745,0.637254902,0.753108887,0.753108887,0.753846154
746,0.625429553,0.753148615,0.753148615,0.753853197
747,0.636959371,0.753152279,0.753152279,0.753858025
748,0.639660494,0.753164557,0.753164557,0.753863135
749,0.625862069,0.753191489,0.753191489,0.753892216
750,0.637540453,0.753199269,0.753199269,0.753907447
751,0.625649913,0.753202391,0.753202391,0.753909215
752,0.628252788,0.753203173,0.753203173,0.753910951
753,0.637785016,0.753214942,0.753214942,0.753911807
754,0.64109589,0.753215675,0.753215675,0.753915392
755,0.627340824,0.753231139,0.753231139,0.75392448
756,0.637764933,0.75323741,0.75323741,0.753947368
757,0.636900854,0.753246753,0.753246753,0.753982843
758,0.637185281,0.75328529,0.75328529,0.753984962
759,0.639938319,0.753290481,0.753290481,0.753988245
760,0.636963696,0.753303965,0.753303965,0.753994954
761,0.640144665,0.753303965,0.753303965,0.754003959
762,0.639745917,0.753305288,0.753305288,0.754008246
763,0.638020833,0.753326142,0.753326142,0.754013015
764,0.62585034,0.753340556,0.753340556,0.754015216
765,0.640838651,0.753349094,0.753349094,0.754021327
766,0.637139108,0.753355705,0.753355705,0.754028838
767,0.637419355,0.753361345,0.753361345,0.754053227
768,0.641423358,0.753361858,0.753361858,0.754058193
769,0.637203166,0.753365973,0.753365973,0.754070266
770,0.640215716,0.753378378,0.753378378,0.754091481
771,0.638095238,0.753387534,0.753387534,0.754092463
772,0.639534884,0.753389831,0.753389831,0.754098361
773,0.638256344,0.753412969,0.753412969,0.754108157
774,0.641143911,0.753414809,0.753414809,0.754110208
775,0.640469738,0.753424658,0.753424658,0.754133497
776,0.640072529,0.753424658,0.753424658,0.754134509
777,0.63773833,0.753429603,0.753429603,0.754175589
778,0.63744232,0.753432836,0.753432836,0.754178557
779,0.628942486,0.753441419,0.753441419,0.754181601
780,0.640492687,0.753448276,0.753448276,0.754194631
781,0.628037383,0.753459119,0.753459119,0.754199025
782,0.637355584,0.753464931,0.753464931,0.754201681
783,0.639814098,0.753506416,0.753506416,0.754206731
784,0.64279476,0.75351682,0.75351682,0.754208754
785,0.6,0.753518585,0.753518585,0.754226268
786,0.637319317,0.753521127,0.753521127,0.75423341
787,0.641474654,0.753527469,0.753527469,0.754240631
788,0.637681159,0.753530167,0.753530167,0.754255001
789,0.640794224,0.753562448,0.753562448,0.754275428
790,0.626485569,0.753564155,0.753564155,0.754278729
791,0.640398551,0.75356843,0.75356843,0.754280565
792,0.637588198,0.753579952,0.753579952,0.754281594
793,0.640092879,0.753592174,0.753592174,0.754283966
794,0.637653127,0.753597122,0.753597122,0.754287778
795,0.643106457,0.753601441,0.753601441,0.754288165
796,0.637919684,0.753602305,0.753602305,0.754293979
797,0.641118124,0.753607504,0.753607504,0.754297694
798,0.637820513,0.753610108,0.753610108,0.754304914
799,0.641404806,0.753612717,0.753612717,0.754306693
800,0.640723982,0.753623188,0.753623188,0.754312158
801,0.625,0.753623188,0.753623188,0.754312909
802,0.635479951,0.753640416,0.753640416,0.754319427
803,0.640326975,0.753641817,0.753641817,0.754323196
804,0.638174807,0.753649091,0.753649091,0.754351337
805,0.640255009,0.753649635,0.753649635,0.754354354
806,0.637886598,0.753660637,0.753660637,0.754370157
807,0.639876352,0.753664495,0.753664495,0.754376059
808,0.638954869,0.753665689,0.753665689,0.754378471
809,0.64037123,0.753668172,0.753668172,0.754378819
810,0.640031032,0.753671842,0.753671842,0.754385965
811,0.638157895,0.753675152,0.753675152,0.754393485
812,0.615853659,0.753675368,0.753675368,0.754396423
813,0.637755102,0.753678016,0.753678016,0.754409769
814,0.643417611,0.753684211,0.753684211,0.754419744
815,0.628731343,0.753691033,0.753691033,0.754421895
816,0.637411915,0.753713607,0.753713607,0.754423824
817,0.635701275,0.753720238,0.753720238,0.7544281
818,0.627118644,0.753722334,0.753722334,0.754439462
819,0.64,0.753722454,0.753722454,0.754445385
820,0.638119768,0.753724803,0.753724803,0.75445041
821,0.641735919,0.753737659,0.753737659,0.754458162
822,0.64015444,0.753737907,0.753737907,0.754458977
823,0.637985978,0.753747323,0.753747323,0.754464286
824,0.637644046,0.75374925,0.75374925,0.754469607
825,0.642591214,0.753760056,0.753760056,0.754478827
826,0.63592233,0.753763441,0.753763441,0.75448137
827,0.635644769,0.753764393,0.753764393,0.754501801
828,0.643728223,0.753764754,0.753764754,0.754505687
829,0.638352638,0.753768844,0.753768844,0.754512003
830,0.64027671,0.753786754,0.753786754,0.754513307
831,0.64,0.753791258,0.753791258,0.754514673
832,0.638216561,0.753795773,0.753795773,0.754517409
833,0.626736111,0.753807107,0.753807107,0.754519774
834,0.638162093,0.753807107,0.753807107,0.754520037
835,0.63787588,0.753811406,0.753811406,0.754526316
836,0.636143117,0.753811826,0.753811826,0.754527524
837,0.635167464,0.753817505,0.753817505,0.754527724
838,0.635866261,0.7538214,0.7538214,0.754542746
839,0.640582348,0.753823088,0.753823088,0.754566829
840,0.642857143,0.753832281,0.753832281,0.754572374
841,0.642537313,0.753846154,0.753846154,0.754578755
842,0.638585209,0.753851541,0.753851541,0.75458023
843,0.644038294,0.753851666,0.753851666,0.754583921
844,0.640552995,0.753864931,0.753864931,0.754591569
845,0.629422719,0.753869048,0.753869048,0.754598003
846,0.64028777,0.753872633,0.753872633,0.754599407
847,0.638107417,0.753874202,0.753874202,0.754604651
848,0.636363636,0.753876515,0.753876515,0.754604704
849,0.639935846,0.753880892,0.753880892,0.754611515
850,0.643175074,0.753885074,0.753885074,0.754611755
851,0.643350604,0.75389146,0.75389146,0.754615522
852,0.635588056,0.753896637,0.753896637,0.754615843
853,0.64052795,0.75389755,0.75389755,0.75462963
854,0.643122677,0.753903346,0.753903346,0.754631722
855,0.642803878,0.753909159,0.753909159,0.754635619
856,0.64199815,0.753915767,0.753915767,0.754648526
857,0.640909091,0.753920386,0.753920386,0.754657844
858,0.624,0.753928254,0.753928254,0.754672204
859,0.637810312,0.753932192,0.753932192,0.754674221
860,0.633817427,0.753937697,0.753937697,0.754677391
861,0.638338658,0.753939828,0.753939828,0.7546786
862,0.640828856,0.753940455,0.753940455,0.75467901
863,0.644347826,0.753942279,0.753942279,0.754682503
864,0.64057508,0.753945885,0.753945885,0.75468267
865,0.643044619,0.753948462,0.753948462,0.754683943
866,0.640224359,0.753954306,0.753954306,0.754688896
867,0.643439585,0.75396376,0.75396376,0.754693878
868,0.635809988,0.753964852,0.753964852,0.754702924
869,0.643387816,0.753965026,0.753965026,0.754703458
870,0.643658326,0.753968254,0.753968254,0.754716981
871,0.638040712,0.753974895,0.753974895,0.754716981
872,0.643070045,0.753994954,0.753994954,0.75472255
873,0.632541133,0.753997093,0.753997093,0.754733219
874,0.63449692,0.754000744,0.754000744,0.754733598
875,0.638569604,0.754001186,0.754001186,0.754733728
876,0.641465316,0.754001392,0.754001392,0.754735076
877,0.634892086,0.754015216,0.754015216,0.754743304
878,0.641104294,0.754015467,0.754015467,0.754743699
879,0.642261353,0.754018169,0.754018169,0.754744958
880,0.636031649,0.754019293,0.754019293,0.754763153
881,0.638660771,0.754023793,0.754023793,0.754763368
882,0.634196891,0.754025765,0.754025765,0.75476493
883,0.62962963,0.754027927,0.754027927,0.754767184
884,0.63883618,0.754033399,0.754033399,0.75477186
885,0.64051241,0.754054851,0.754054851,0.754776512
886,0.643356643,0.75406444,0.75406444,0.754777639
887,0.634901727,0.754065041,0.754065041,0.754777711
888,0.63827082,0.754068161,0.754068161,0.754784475
889,0.642982456,0.754074074,0.754074074,0.754785021
890,0.643652561,0.754078303,0.754078303,0.754785412
891,0.635135135,0.754084265,0.754084265,0.754793962
892,0.624505929,0.754084265,0.754084265,0.754794925
893,0.642605634,0.754086451,0.754086451,0.754801417
894,0.635416667,0.754098361,0.754098361,0.754801798
895,0.643017177,0.754098361,0.754098361,0.75480627
896,0.643965517,0.754102999,0.754102999,0.754807692
897,0.635110845,0.754104087,0.754104087,0.754808525
898,0.640947288,0.754104211,0.754104211,0.754811715
899,0.641744548,0.754110079,0.754110079,0.754811963
900,0.637384412,0.754112071,0.754112071,0.750815200416449
901,0.640613027,0.754115587,0.754115587,0.754815696
902,0.63597561,0.75411812,0.75411812,0.754817548
903,0.642804428,0.754127358,0.754127358,0.75481767
904,0.638888889,0.754137116,0.754137116,0.754818594
905,0.642487047,0.754142012,0.754142012,0.754825462
906,0.634871795,0.754146919,0.754146919,0.754829545
907,0.642030276,0.754152824,0.754152824,0.75483871
908,0.636530238,0.754155125,0.754155125,0.754839877
909,0.639064475,0.754157428,0.754157428,0.754846457
910,0.635119048,0.754157628,0.754157628,0.754847049
911,0.63878327,0.754160888,0.754160888,0.75484936
912,0.642592593,0.754169976,0.754169976,0.754852624
913,0.638500635,0.754170325,0.754170325,0.754853023
914,0.635978195,0.754177287,0.754177287,0.754853273
915,0.634787806,0.754178557,0.754178557,0.754855052
916,0.624750499,0.754180602,0.754180602,0.754855798
917,0.642804967,0.754181818,0.754181818,0.754863813
918,0.640449438,0.754185022,0.754185022,0.754865203
919,0.635329341,0.754185382,0.754185382,0.754867257
920,0.626185958,0.754186773,0.754186773,0.754868062
921,0.643295355,0.754189944,0.754189944,0.754872162
922,0.638993711,0.754189944,0.754189944,0.754876332
923,0.641025641,0.754191937,0.754191937,0.754880089
924,0.639116719,0.754192621,0.754192621,0.754880694
925,0.642919965,0.754197928,0.754197928,0.754884547
926,0.644272179,0.754199099,0.754199099,0.754889721
927,0.641221374,0.75419952,0.75419952,0.754890123
928,0.636752137,0.754199823,0.754199823,0.754890338
929,0.641441441,0.754208754,0.754208754,0.75489347
930,0.643906655,0.754214729,0.754214729,0.754899176
931,0.640888208,0.754216867,0.754216867,0.75490026
932,0.643067847,0.754218223,0.754218223,0.754901961
933,0.635796046,0.754219722,0.754219722,0.754906435
934,0.641965679,0.754221388,0.754221388,0.754914262
935,0.642751479,0.754222973,0.754222973,0.75491481
936,0.639012033,0.754225547,0.754225547,0.754918033
937,0.635280095,0.754226804,0.754226804,0.754919499
938,0.635005974,0.754234935,0.754234935,0.754922497
939,0.638730159,0.754240222,0.754240222,0.754923414
940,0.642348754,0.754246101,0.754246101,0.75492645
941,0.643065693,0.754249094,0.754249094,0.754929577
942,0.635547576,0.754252624,0.754252624,0.754930544
943,0.642602496,0.754256527,0.754256527,0.754931926
944,0.642857143,0.75426009,0.75426009,0.754932047
945,0.635272945,0.754263227,0.754263227,0.754932256
946,0.635245902,0.754272245,0.754272245,0.7549357
947,0.639344262,0.754277567,0.754277567,0.754939546
948,0.634958383,0.754279601,0.754279601,0.754948425
949,0.630314233,0.754283326,0.754283326,0.754949406
950,0.643607706,0.754283756,0.754283756,0.754950495
951,0.641245136,0.754285714,0.754285714,0.754952704
952,0.641418211,0.754285714,0.754285714,0.754953949
953,0.641495042,0.754287404,0.754287404,0.754957088
954,0.639240506,0.754287845,0.754287845,0.754958678
955,0.635223881,0.754287994,0.754287994,0.754959786
956,0.634575569,0.754292481,0.754292481,0.754962963
957,0.643330877,0.754294846,0.754294846,0.754966887
958,0.638959391,0.754295533,0.754295533,0.754972493
959,0.641162969,0.754298392,0.754298392,0.754974874
960,0.644578313,0.754299754,0.754299754,0.754978355
961,0.643233743,0.754299754,0.754299754,0.754983389
962,0.641935484,0.754303165,0.754303165,0.754985261
963,0.643015521,0.754310345,0.754310345,0.754991603
964,0.641764176,0.754315536,0.754315536,0.754995389
965,0.634475597,0.754317549,0.754317549,0.755
966,0.625246548,0.754322365,0.754322365,0.755002042
967,0.643326039,0.75432526,0.75432526,0.755008448
968,0.634421365,0.754328112,0.754328112,0.755014572
969,0.63016158,0.75432944,0.75432944,0.755016722
970,0.645408163,0.754331254,0.754331254,0.755018435
971,0.642666667,0.75433526,0.75433526,0.755024443
972,0.636363636,0.75433526,0.75433526,0.755030621
973,0.625742574,0.754341534,0.754341534,0.755032606
974,0.635429262,0.754343629,0.754343629,0.755035545
975,0.643192488,0.754356846,0.754356846,0.755040044
976,0.637805684,0.754356846,0.754356846,0.755040143
977,0.640675241,0.754365197,0.754365197,0.755040926
978,0.635441527,0.754366812,0.754366812,0.755047347
979,0.636919315,0.754367201,0.754367201,0.755048705
980,0.635619243,0.754367934,0.754367934,0.75504899
981,0.639188332,0.754370629,0.754370629,0.755050505
982,0.641524106,0.754371357,0.754371357,0.755051546
983,0.627819549,0.754373438,0.754373438,0.75505554
984,0.635149024,0.754379426,0.754379426,0.755058115
985,0.641768293,0.754385965,0.754385965,0.755068037
986,0.625498008,0.754385965,0.754385965,0.755070203
987,0.641437309,0.754385965,0.754385965,0.755073337
988,0.630236794,0.754385965,0.754385965,0.755077244
989,0.643279173,0.754385965,0.754385965,0.75507801
990,0.643117261,0.754390935,0.754390935,0.755083007
991,0.626893939,0.754392971,0.754392971,0.755083179
992,0.642962963,0.754394299,0.754394299,0.755084601
993,0.634638197,0.754400327,0.754400327,0.755087383
994,0.644883921,0.754400671,0.754400671,0.7550897
995,0.643546971,0.754410928,0.754410928,0.755093555
996,0.639395846,0.754411765,0.754411765,0.755098543
997,0.643586006,0.754414125,0.754414125,0.755106945
998,0.643171806,0.754415011,0.754415011,0.755107675
999,0.642086331,0.759,0.759,0.755118755
1000,0.635336109,0.759,0.759,0.759
1001,0.635649547,0.754422477,0.754422477,0.755119215
1002,0.630550622,0.754429337,0.754429337,0.755124654
1003,0.643738977,0.75443038,0.75443038,0.755127153
1004,0.635658915,0.754432624,0.754432624,0.755127519
1005,0.645021645,0.754439512,0.754439512,0.755129959
1006,0.627862595,0.754439891,0.754439891,0.755135579
1007,0.642984014,0.754444444,0.754444444,0.755136036
1008,0.638170974,0.754445385,0.754445385,0.755137735
1009,0.640963855,0.754448399,0.754448399,0.755138695
1010,0.64465682,0.754452055,0.754452055,0.755143652
1011,0.64560205,0.75445474,0.75445474,0.755146912
1012,0.635654262,0.754461538,0.754461538,0.755152514
1013,0.643527205,0.754462132,0.754462132,0.755158608
1014,0.634854772,0.754469607,0.754469607,0.755159854
1015,0.642041127,0.754477612,0.754477612,0.755164712
1016,0.645244216,0.754477938,0.754477938,0.755164835
1017,0.634581105,0.754480287,0.754480287,0.755165044
1018,0.643377001,0.754482759,0.754482759,0.75516829
1019,0.63599182,0.754483858,0.754483858,0.755171721
1020,0.635869565,0.754484305,0.754484305,0.755174875
1021,0.63099631,0.754488518,0.754488518,0.755175269
1022,0.63559322,0.754491018,0.754491018,0.755176614
1023,0.645189003,0.754497647,0.754497647,0.755179704
1024,0.629695886,0.754500818,0.754500818,0.755180989
1025,0.641831239,0.754504505,0.754504505,0.755181347
1026,0.641860465,0.754506438,0.754506438,0.755182073
1027,0.640063847,0.754507628,0.754507628,0.755183061
1028,0.643274854,0.754508197,0.754508197,0.755187886
1029,0.644463668,0.754510921,0.754510921,0.755193711
1030,0.642407907,0.754512635,0.754512635,0.755196702
1031,0.638410596,0.754515599,0.754515599,0.755203997
1032,0.63507109,0.754523728,0.754523728,0.755213226
1033,0.630824373,0.754529767,0.754529767,0.755214833
1034,0.6347981,0.754530478,0.754530478,0.755215986
1035,0.643300799,0.75453149,0.75453149,0.755219726
1036,0.625984252,0.754532775,0.754532775,0.755221387
1037,0.639220616,0.754535357,0.754535357,0.755227552
1038,0.640901771,0.754535459,0.754535459,0.755227552
1039,0.642313546,0.754537066,0.754537066,0.755228277
1040,0.644965278,0.754542216,0.754542216,0.75523399
1041,0.643497758,0.754542655,0.754542655,0.755234389
1042,0.636089318,0.754545455,0.754545455,0.755236385
1043,0.645904437,0.754548575,0.754548575,0.755240444
1044,0.639571519,0.754549131,0.754549131,0.755242826
1045,0.643636364,0.754550469,0.754550469,0.755244755
1046,0.635813672,0.754550793,0.754550793,0.755244755
1047,0.645547945,0.754552652,0.754552652,0.755248619
1048,0.643861293,0.754553096,0.754553096,0.755251921
1049,0.637308869,0.754555494,0.754555494,0.755253399
1050,0.642453592,0.754558205,0.754558205,0.755256518
1051,0.638227513,0.754561507,0.754561507,0.755262072
1052,0.628517824,0.75456292,0.75456292,0.755262419
1053,0.645493562,0.754563895,0.754563895,0.755268817
1054,0.630909091,0.754564607,0.754564607,0.755270026
1055,0.638649901,0.754569191,0.754569191,0.755270655
1056,0.640350877,0.754570809,0.754570809,0.755272953
1057,0.642152466,0.754575707,0.754575707,0.755273474
1058,0.636363636,0.754581673,0.754581673,0.755275974
1059,0.635287152,0.754585153,0.754585153,0.755276156
1060,0.642193309,0.754588986,0.754588986,0.755281272
1061,0.638594164,0.754590985,0.754590985,0.755287009
1062,0.626242545,0.754595588,0.754595588,0.755287897
1063,0.627599244,0.754602913,0.754602913,0.75529705
1064,0.639447236,0.754607509,0.754607509,0.755300178
1065,0.636308806,0.754618142,0.754618142,0.755300353
1066,0.643992933,0.754621849,0.754621849,0.755305868
1067,0.626666667,0.754622835,0.754622835,0.755310345
1068,0.639798489,0.75462324,0.75462324,0.755317309
1069,0.64359352,0.754623921,0.754623921,0.755322431
1070,0.645957447,0.754625676,0.754625676,0.75532506
1071,0.639147803,0.754626203,0.754626203,0.755325112
1072,0.643617021,0.754627033,0.754627033,0.755329391
1073,0.641190668,0.754627432,0.754627432,0.755333043
1074,0.643895349,0.754631536,0.754631536,0.755333998
1075,0.6452732,0.754633716,0.754633716,0.755335496
1076,0.634911243,0.754634678,0.754634678,0.755336038
1077,0.646206309,0.754635619,0.754635619,0.75534252
1078,0.643258427,0.754636234,0.754636234,0.755345395
1079,0.642588412,0.754637437,0.754637437,0.755350399
1080,0.636036036,0.754649782,0.754649782,0.755354201
1081,0.643484627,0.754652605,0.754652605,0.75535548
1082,0.63877822,0.754663423,0.754663423,0.755372185
1083,0.64063745,0.754664824,0.754664824,0.755373956
1084,0.645797599,0.754666667,0.754666667,0.755375254
1085,0.636528029,0.75467033,0.75467033,0.755375593
1086,0.631675875,0.754670427,0.754670427,0.755379886
1087,0.630357143,0.754675946,0.754675946,0.755386565
1088,0.642473118,0.754677755,0.754677755,0.75539258
1089,0.642525534,0.754685777,0.754685777,0.755393668
1090,0.641825095,0.754690563,0.754690563,0.755396673
1091,0.644859813,0.754691232,0.754691232,0.755397108
1092,0.636734694,0.75470009,0.75470009,0.75539739
1093,0.643855776,0.754703585,0.754703585,0.755401901
1094,0.635127144,0.754704301,0.754704301,0.755404833
1095,0.639333333,0.754710011,0.754710011,0.755407654
1096,0.644307149,0.754710633,0.754710633,0.755407654
1097,0.643932684,0.754716981,0.754716981,0.755414686
1098,0.643178411,0.754716981,0.754716981,0.755415664
1099,0.645580589,0.754716981,0.754716981,0.755417957
1100,0.646507666,0.770186335,0.770186335,0.765422324
1101,0.642857143,0.754723463,0.754723463,0.755437195
1102,0.643592142,0.754724733,0.754724733,0.755437666
1103,0.646153846,0.75473251,0.75473251,0.755439513
1104,0.643745428,0.754737709,0.754737709,0.755445952
1105,0.643072289,0.754741379,0.754741379,0.75545492
1106,0.641269841,0.754743304,0.754743304,0.755456264
1107,0.640923567,0.754743833,0.754743833,0.75545657
1108,0.638722555,0.754746835,0.754746835,0.755460842
1109,0.63534279,0.754749568,0.754749568,0.755463918
1110,0.642097264,0.754750176,0.754750176,0.755465859
1111,0.637698898,0.754756871,0.754756871,0.755473223
1112,0.642793196,0.754759239,0.754759239,0.755473327
1113,0.631578947,0.75476287,0.75476287,0.755474453
1114,0.637867647,0.754770318,0.754770318,0.755479158
1115,0.644117647,0.754775108,0.754775108,0.755485893
1116,0.64516129,0.754779717,0.754779717,0.755486435
1117,0.642857143,0.754780275,0.754780275,0.755489943
1118,0.636199639,0.754782609,0.754782609,0.755492154
1119,0.642458101,0.754786698,0.754786698,0.755493962
1120,0.628301887,0.754787833,0.754787833,0.755495738
1121,0.626984127,0.754790632,0.754790632,0.755497087
1122,0.643445693,0.754793138,0.754793138,0.75549806
1123,0.637104995,0.75479351,0.75479351,0.75549806
1124,0.639017916,0.754800591,0.754800591,0.755500792
1125,0.64312547,0.754804712,0.754804712,0.7555062
1126,0.644247788,0.754805052,0.754805052,0.755507291
1127,0.627376426,0.754807692,0.754807692,0.755507559
1128,0.641897233,0.754807692,0.754807692,0.755508549
1129,0.635558181,0.754807692,0.754807692,0.755509356
1130,0.642990654,0.754810883,0.754810883,0.755513398
1131,0.641554322,0.754825462,0.754825462,0.755515041
1132,0.635427394,0.754826958,0.754826958,0.755518301
1133,0.642466823,0.754833402,0.754833402,0.755531125
1134,0.641209228,0.754834254,0.754834254,0.755536257
1135,0.642972536,0.75483644,0.75483644,0.755539798
1136,0.638089406,0.754840547,0.754840547,0.755540631
1137,0.642694928,0.754843255,0.754843255,0.755547666
1138,0.639573618,0.754846066,0.754846066,0.755548083
1139,0.634953464,0.754847049,0.754847049,0.755555556
1140,0.642369021,0.754855416,0.754855416,0.755555556
1141,0.636418269,0.754860123,0.754860123,0.755561894
1142,0.644379133,0.754862237,0.754862237,0.755562936
1143,0.636144578,0.754862508,0.754862508,0.755568581
1144,0.642703091,0.75486904,0.75486904,0.75557091
1145,0.64253798,0.754870705,0.754870705,0.755580151
1146,0.639045825,0.754872358,0.754872358,0.755586592
1147,0.642393655,0.754875588,0.754875588,0.755586838
1148,0.631016043,0.754877616,0.754877616,0.755588398
1149,0.643112701,0.754880694,0.754880694,0.755592841
1150,0.645462256,0.754881595,0.754881595,0.755593077
1151,0.632352941,0.754883892,0.754883892,0.755594714
1152,0.643712575,0.754884547,0.754884547,0.75559667
1153,0.635773318,0.754885539,0.754885539,0.755597366
1154,0.643393393,0.754887218,0.754887218,0.755598296
1155,0.637195122,0.754891104,0.754891104,0.75560166
1156,0.642180095,0.754898336,0.754898336,0.755604155
1157,0.644562334,0.754901961,0.754901961,0.755610973
1158,0.643956044,0.754904832,0.754904832,0.755618475
1159,0.638471178,0.75491593,0.75491593,0.755620438
1160,0.641838352,0.754918882,0.754918882,0.755622692
1161,0.643288084,0.754919499,0.754919499,0.75562644
1162,0.638871473,0.754922644,0.754922644,0.75562701
1163,0.638258737,0.754929577,0.754929577,0.755629296
1164,0.626223092,0.754934211,0.754934211,0.755630252
1165,0.636363636,0.754937163,0.754937163,0.755631986
1166,0.641494436,0.754939627,0.754939627,0.755634428
1167,0.642965204,0.754944376,0.754944376,0.755637368
1168,0.643323996,0.754944687,0.754944687,0.755637832
1169,0.631294964,0.754950495,0.754950495,0.755640199
1170,0.642754663,0.754953949,0.754953949,0.755642361
1171,0.639272271,0.754957507,0.754957507,0.75564447
1172,0.642640364,0.754957983,0.754957983,0.755644912
1173,0.644640235,0.75495916,0.75495916,0.755655327
1174,0.64291498,0.754959486,0.754959486,0.755656109
1175,0.64295977,0.754960317,0.754960317,0.755661169
1176,0.641992883,0.754964539,0.754964539,0.755661502
1177,0.635802469,0.754964953,0.754964953,0.755665431
1178,0.642651297,0.754968944,0.754968944,0.755670293
1179,0.635988201,0.754974208,0.754974208,0.755672319
1180,0.642857143,0.754975124,0.754975124,0.755672823
1181,0.635330579,0.754975124,0.754975124,0.755672987
1182,0.643979058,0.754976303,0.754976303,0.755674232
1183,0.632246377,0.754976581,0.754976581,0.75567867
1184,0.638524078,0.754979331,0.754979331,0.75568005
1185,0.638962766,0.75498155,0.75498155,0.755680817
1186,0.643660915,0.754982818,0.754982818,0.755685131
1187,0.638697558,0.754983389,0.754983389,0.755687072
1188,0.636582431,0.754986702,0.754986702,0.755689137
1189,0.631386861,0.754986827,0.754986827,0.755689298
1190,0.64246251,0.75498699,0.75498699,0.755691769
1191,0.64301231,0.754988914,0.754988914,0.755697872
1192,0.643556895,0.754997144,0.754997144,0.755703028
1193,0.629001883,0.755003451,0.755003451,0.755704698
1194,0.642121932,0.755006859,0.755006859,0.755704935
1195,0.63975984,0.755008787,0.755008787,0.755709848
1196,0.643219724,0.755013369,0.755013369,0.75571003
1197,0.642723881,0.755015839,0.755015839,0.75571302
1198,0.643235072,0.75502008,0.75502008,0.755714926
1199,0.643010753,0.75502008,0.75502008,0.755720054
1200,0.637563452,0.775,0.775,0.772047
1201,0.639464883,0.75502681,0.75502681,0.755721128
1202,0.64177919,0.755027933,0.755027933,0.755728491
1203,0.638681592,0.755030621,0.755030621,0.755729078
1204,0.642911296,0.755033557,0.755033557,0.755729458
1205,0.644900954,0.755034936,0.755034936,0.75572962
1206,0.63620283,0.755037116,0.755037116,0.755732528
1207,0.64321608,0.755041322,0.755041322,0.755734216
1208,0.63840399,0.755044248,0.755044248,0.755735493
1209,0.638271605,0.75505129,0.75505129,0.755736277
1210,0.643203883,0.7550514,0.7550514,0.755736869
1211,0.64296875,0.755064457,0.755064457,0.755739686
1212,0.642908567,0.755071375,0.755071375,0.755740433
1213,0.642857143,0.755071929,0.755071929,0.755747126
1214,0.63875,0.755072464,0.755072464,0.755756067
1215,0.639202658,0.755074054,0.755074054,0.755756339
1216,0.638923655,0.755075594,0.755075594,0.755760369
1217,0.643175736,0.755076668,0.755076668,0.755763058
1218,0.629063098,0.755078352,0.755078352,0.755768876
1219,0.642547033,0.755079007,0.755079007,0.755771161
1220,0.635706914,0.755081639,0.755081639,0.755777937
1221,0.638153846,0.755087961,0.755087961,0.755781162
1222,0.633027523,0.755088195,0.755088195,0.755786649
1223,0.642744479,0.755092373,0.755092373,0.755788971
1224,0.638906153,0.75509434,0.75509434,0.75578987
1225,0.636417207,0.755095109,0.755095109,0.755790867
1226,0.641536273,0.755096098,0.755096098,0.755797309
1227,0.639705882,0.755096181,0.755096181,0.75579954
1228,0.643478261,0.755096342,0.755096342,0.755799588
1229,0.638629283,0.755102041,0.755102041,0.755800464
1230,0.643266476,0.755102041,0.755102041,0.755804101
1231,0.642405063,0.755102041,0.755102041,0.755804312
1232,0.628131021,0.755108878,0.755108878,0.755807201
1233,0.638494756,0.755120214,0.755120214,0.755807365
1234,0.643504532,0.755121486,0.755121486,0.755807767
1235,0.643427741,0.755122274,0.755122274,0.755817294
1236,0.643181818,0.755123769,0.755123769,0.755819881
1237,0.643165468,0.755127408,0.755127408,0.755827506
1238,0.64305685,0.755130927,0.755130927,0.755827803
1239,0.63897564,0.755131265,0.755131265,0.755827894
1240,0.64349232,0.755134281,0.755134281,0.755832037
1241,0.642450142,0.7551382,0.7551382,0.755834054
1242,0.643146796,0.755138517,0.755138517,0.755837225
1243,0.639405204,0.755143437,0.755143437,0.755849681
1244,0.638650307,0.755148741,0.755148741,0.755850378
1245,0.637474542,0.755149405,0.755149405,0.75585091
1246,0.626953125,0.755154639,0.755154639,0.755860492
1247,0.638376384,0.75516424,0.75516424,0.755860683
1248,0.643379366,0.755166475,0.755166475,0.755867201
1249,0.636631331,0.755167394,0.755167394,0.755868545
1250,0.642805495,0.755171117,0.755171117,0.755871109
1251,0.643366619,0.755178128,0.755178128,0.755871651
1252,0.634005764,0.755178268,0.755178268,0.755878084
1253,0.638854296,0.755181347,0.755181347,0.755880609
1254,0.63994656,0.755183946,0.755183946,0.755881799
1255,0.638717633,0.755185311,0.755185311,0.755884917
1256,0.641791045,0.75518893,0.75518893,0.755885998
1257,0.644428152,0.755196305,0.755196305,0.755886837
1258,0.638576779,0.755198488,0.755198488,0.755887421
1259,0.638665843,0.755200774,0.755200774,0.755891507
1260,0.643026005,0.755202629,0.755202629,0.755891966
1261,0.643521832,0.755203171,0.755203171,0.755892928
1262,0.632911392,0.755203479,0.755203479,0.755894192
1263,0.643686502,0.755205811,0.755205811,0.755905512
1264,0.643773585,0.755209953,0.755209953,0.75590796
1265,0.636082474,0.755210858,0.755210858,0.755910869
1266,0.638598648,0.755212796,0.755212796,0.755915318
1267,0.643435981,0.755217545,0.755217545,0.755927093
1268,0.642908054,0.755218759,0.755218759,0.755932203
1269,0.63421659,0.755220418,0.755220418,0.755933721
1270,0.639079029,0.755226481,0.755226481,0.755937053
1271,0.638940234,0.755230951,0.755230951,0.755937954
1272,0.643063584,0.755236729,0.755236729,0.755940321
1273,0.640186916,0.755238095,0.755238095,0.755942417
1274,0.638802246,0.755242351,0.755242351,0.755943717
1275,0.643316655,0.755242746,0.755242746,0.755948926
1276,0.639892905,0.755244755,0.755244755,0.755952381
1277,0.642045455,0.755247123,0.755247123,0.755955056
1278,0.645762712,0.755248092,0.755248092,0.75595584
1279,0.637843337,0.755254057,0.755254057,0.755957508
1280,0.643776824,0.755265069,0.755265069,0.755957928
1281,0.643307087,0.755265797,0.755265797,0.755969517
1282,0.636256622,0.755268525,0.755268525,0.755976331
1283,0.638820639,0.755288736,0.755288736,0.75597708
1284,0.634427173,0.755289788,0.755289788,0.75598488
1285,0.633699634,0.755290288,0.755290288,0.755997092
1286,0.638546798,0.755291389,0.755291389,0.756003666
1287,0.632964718,0.755295008,0.755295008,0.756006865
1288,0.639130435,0.755297533,0.755297533,0.756008147
1289,0.632717678,0.755306942,0.755306942,0.756009843
1290,0.633051742,0.755307567,0.755307567,0.75601275
1291,0.625250501,0.755311355,0.755311355,0.756013746
1292,0.628846154,0.755314124,0.755314124,0.756021941
1293,0.6433213,0.755319149,0.755319149,0.756022894
1294,0.643192488,0.755324298,0.755324298,0.756024096
1295,0.643571429,0.755327545,0.755327545,0.756027789
1296,0.642299503,0.755329949,0.755329949,0.756042195
1297,0.646062659,0.755336179,0.755336179,0.756052142
1298,0.639042357,0.755350675,0.755350675,0.756056202
1299,0.644426363,0.777777778,0.777777778,0.756073474
1300,0.634818288,0.777777778,0.755357143,0.7737
1301,0.634637514,0.755358674,0.755358674,0.75608343
1302,0.632911392,0.755364807,0.755364807,0.756087824
1303,0.637931034,0.755364807,0.755364807,0.756091791
1304,0.627680312,0.755371901,0.755371901,0.756092953
1305,0.639354438,0.755379388,0.755379388,0.756093091
1306,0.635936583,0.755383499,0.755383499,0.756097561
1307,0.633737724,0.755384206,0.755384206,0.756107329
1308,0.626719057,0.755400952,0.755400952,0.756108396
1309,0.639060569,0.75540144,0.75540144,0.756111009
1310,0.639009288,0.75541272,0.75541272,0.75611159
1311,0.643825839,0.75541682,0.75541682,0.756115282
1312,0.643471462,0.755420219,0.755420219,0.756125685
1313,0.633104902,0.755424063,0.755424063,0.756130183
1314,0.634847614,0.755426918,0.755426918,0.75613748
1315,0.642800944,0.755428571,0.755428571,0.756138321
1316,0.643902439,0.755431205,0.755431205,0.756150732
1317,0.639578164,0.755439924,0.755439924,0.756152125
1318,0.633949192,0.755444928,0.755444928,0.756152721
1319,0.631843575,0.755449229,0.755449229,0.756154069
1320,0.646362098,0.755458515,0.755458515,0.756157035
1321,0.637440758,0.75545977,0.75545977,0.756169793
1322,0.641843972,0.755466667,0.755466667,0.756172428
1323,0.633298209,0.75547235,0.75547235,0.756177924
1324,0.639232673,0.755472504,0.755472504,0.756179025
1325,0.635057471,0.755479786,0.755479786,0.756195421
1326,0.6403215,0.755481411,0.755481411,0.756195965
1327,0.634160415,0.755483347,0.755483347,0.756200027
1328,0.632049135,0.755495251,0.755495251,0.756200625
1329,0.639801612,0.755497685,0.755497685,0.756201002
1330,0.633892423,0.755506608,0.755506608,0.7562135
1331,0.632696391,0.755514217,0.755514217,0.75621648
1332,0.643081761,0.755520505,0.755520505,0.756217582
1333,0.629558541,0.755521315,0.755521315,0.756224667
1334,0.646661031,0.755525239,0.755525239,0.756237492
1335,0.634446397,0.755531858,0.755531858,0.756244157
1336,0.639455782,0.755535055,0.755535055,0.75624744
1337,0.631549917,0.755537326,0.755537326,0.756249207
1338,0.635267088,0.755537764,0.755537764,0.756261119
1339,0.642097803,0.755539323,0.755539323,0.756263652
1340,0.635190616,0.755542758,0.755542758,0.756264237
1341,0.632432432,0.755544723,0.755544723,0.756266035
1342,0.634371396,0.755555556,0.755555556,0.756266206
1343,0.632254464,0.755555556,0.755555556,0.756275896
1344,0.628404669,0.755563048,0.755563048,0.756280946
1345,0.634104046,0.755568412,0.755568412,0.75628202
1346,0.632891247,0.755575379,0.755575379,0.756290174
1347,0.636096414,0.755578093,0.755578093,0.756309475
1348,0.633933759,0.755584082,0.755584082,0.756313993
1349,0.643696163,0.755588128,0.755588128,0.756316001
1350,0.62745098,0.755591926,0.755591926,0.756322137
1351,0.642175573,0.75559633,0.75559633,0.756322762
1352,0.643362137,0.755598363,0.755598363,0.756326268
1353,0.636470588,0.755598832,0.755598832,0.756326826
1354,0.632044199,0.755604288,0.755604288,0.756328046
1355,0.632459565,0.755608974,0.755608974,0.756329538
1356,0.633652223,0.755613126,0.755613126,0.756330322
1357,0.646959459,0.755614586,0.755614586,0.756332776
1358,0.633085896,0.755614973,0.755614973,0.756333487
1359,0.632196758,0.75561687,0.75561687,0.756335283
1360,0.632837407,0.755620985,0.755620985,0.756341463
1361,0.631868132,0.755636175,0.755636175,0.756345178
1362,0.634047481,0.755646817,0.755646817,0.756353521
1363,0.633778294,0.755647316,0.755647316,0.756362202
1364,0.636310223,0.755652621,0.755652621,0.756370139
1365,0.634146341,0.755657198,0.755657198,0.756372105
1366,0.631753032,0.755657259,0.755657259,0.75637286
1367,0.63321072,0.755658311,0.755658311,0.756379659
1368,0.633501967,0.755660377,0.755660377,0.756381131
1369,0.632247377,0.755667506,0.755667506,0.756382203
1370,0.632664437,0.755669546,0.755669546,0.756384272
1371,0.633858268,0.755673588,0.755673588,0.756385323
1372,0.633280339,0.755674232,0.755674232,0.756385542
1373,0.643642072,0.755680299,0.755680299,0.75638796
1374,0.633157895,0.755684689,0.755684689,0.756388853
1375,0.632070291,0.755685987,0.755685987,0.756392316
1376,0.634259259,0.755687694,0.755687694,0.756394641
1377,0.642516683,0.755692473,0.755692473,0.756398356
1378,0.642857143,0.755696873,0.755696873,0.756401662
1379,0.633990719,0.755699482,0.755699482,0.75640406
1380,0.632013201,0.755700326,0.755700326,0.756415118
1381,0.634132086,0.755701977,0.755701977,0.756418965
1382,0.634538153,0.755706654,0.755706654,0.756422327
1383,0.647257384,0.75570952,0.75570952,0.756428119
1384,0.638297872,0.75571083,0.75571083,0.756435131
1385,0.634089587,0.75571316,0.75571316,0.756441173
1386,0.631898455,0.75571937,0.75571937,0.75644142
1387,0.633403361,0.755732561,0.755732561,0.756442447
1388,0.630268199,0.755735493,0.755735493,0.756450088
1389,0.633192389,0.755741691,0.755741691,0.756453123
1390,0.633707865,0.755743332,0.755743332,0.756457066
1391,0.633474576,0.755745591,0.755745591,0.756458292
1392,0.634032634,0.755746401,0.755746401,0.756460853
1393,0.632190265,0.75575084,0.75575084,0.756462914
1394,0.633350868,0.7557579,0.7557579,0.756464685
1395,0.63556338,0.755758036,0.755758036,0.756466962
1396,0.629343629,0.755760369,0.755760369,0.756469077
1397,0.634285714,0.75576324,0.75576324,0.756470221
1398,0.632272228,0.755769718,0.755769718,0.756471346
1399,0.632344712,0.755771567,0.755771567,0.756476684
1400,0.632698768,0.7783784,0.783783784,0.7780654
1401,0.632834165,0.755776464,0.755776464,0.756481276
1402,0.632215503,0.755782046,0.755782046,0.756487831
1403,0.634202899,0.755784062,0.755784062,0.756489806
1404,0.643921569,0.755787331,0.755787331,0.756496387
1405,0.634345794,0.755790015,0.755790015,0.756506933
1406,0.631955923,0.755801403,0.755801403,0.756515868
1407,0.629126214,0.755805052,0.755805052,0.756518251
1408,0.634074941,0.755807672,0.755807672,0.756520588
1409,0.634302326,0.755808081,0.755808081,0.756522846
1410,0.63338616,0.755810847,0.755810847,0.756522915
1411,0.64075067,0.755819838,0.755819838,0.756523445
1412,0.633543638,0.755820106,0.755820106,0.756527331
1413,0.632393588,0.755825735,0.755825735,0.756538219
1414,0.634245778,0.755830904,0.755830904,0.756542832
1415,0.647554806,0.755842063,0.755842063,0.756547542
1416,0.632473944,0.755846826,0.755846826,0.7565533
1417,0.632550336,0.75584944,0.75584944,0.756556224
1418,0.633037694,0.755850234,0.755850234,0.756558104
1419,0.634174312,0.755851756,0.755851756,0.75655843
1420,0.634414832,0.755863539,0.755863539,0.756566148
1421,0.63215859,0.755864914,0.755864914,0.756578077
1422,0.632996633,0.755865103,0.755865103,0.756581986
1423,0.634559253,0.755867347,0.755867347,0.756585043
1424,0.63318535,0.75586973,0.75586973,0.756587762
1425,0.634289058,0.755873616,0.755873616,0.756587937
1426,0.633333333,0.755877743,0.755877743,0.756588728
1427,0.631672598,0.755878468,0.755878468,0.756589147
1428,0.644200627,0.755879346,0.755879346,0.756589652
1429,0.634458673,0.755884687,0.755884687,0.756599018
1430,0.646464646,0.755887566,0.755887566,0.756599722
1431,0.632675439,0.755892799,0.755892799,0.756604978
1432,0.634439359,0.755896226,0.755896226,0.756610344
1433,0.601941748,0.755897164,0.755897164,0.756618945
1434,0.633240997,0.755905512,0.755905512,0.75661979
1435,0.634383954,0.755920344,0.755920344,0.756620429
1436,0.632361035,0.755927835,0.755927835,0.756625272
1437,0.633202468,0.75592961,0.75592961,0.756625727
1438,0.634902411,0.755931348,0.755931348,0.756632997
1439,0.633527234,0.755942948,0.755942948,0.75663978
1440,0.633129516,0.755945419,0.755945419,0.756642432
1441,0.634502924,0.755947813,0.755947813,0.756649464
1442,0.633132859,0.755949233,0.755949233,0.756650246
1443,0.645134228,0.755949367,0.755949367,0.756653508
1444,0.632540122,0.755955275,0.755955275,0.756654472
1445,0.640899508,0.755971595,0.755971595,0.756661195
1446,0.632876712,0.755978742,0.755978742,0.756666237
1447,0.63464837,0.755979644,0.755979644,0.756673114
1448,0.634189032,0.755984556,0.755984556,0.756682927
1449,0.633053221,0.755985267,0.755985267,0.756687572
1450,0.634593356,0.755985569,0.755985569,0.756690998
1451,0.633408072,0.75598601,0.75598601,0.756698532
1452,0.641061453,0.755986892,0.755986892,0.756701295
1453,0.646761985,0.755990724,0.755990724,0.756704362
1454,0.6434619,0.755992935,0.755992935,0.756706176
1455,0.633333333,0.755998754,0.755998754,0.756713851
1456,0.639150943,0.75601023,0.75601023,0.756715853
1457,0.626506024,0.756010396,0.756010396,0.756722636
1458,0.632869081,0.756013746,0.756013746,0.756730138
1459,0.633333333,0.756021756,0.756021756,0.756742806
1460,0.647009267,0.756022553,0.756022553,0.756747967
1461,0.629844961,0.75604053,0.75604053,0.75674984
1462,0.633077766,0.756043956,0.756043956,0.756756757
1463,0.641643059,0.756048387,0.756048387,0.756763688
1464,0.634402332,0.756050339,0.756050339,0.756777203
1465,0.641180416,0.75605449,0.75605449,0.756777843
1466,0.634802519,0.756059825,0.756059825,0.756782334
1467,0.633352049,0.756065574,0.756065574,0.756782946
1468,0.633668608,0.756066814,0.756066814,0.756783183
1469,0.633536924,0.756069803,0.756069803,0.756784046
1470,0.641311933,0.756072616,0.756072616,0.756787545
1471,0.633073497,0.756074169,0.756074169,0.756790277
1472,0.633533588,0.756085063,0.756085063,0.7568
1473,0.633923779,0.756086764,0.756086764,0.756804214
1474,0.633278599,0.75608828,0.75608828,0.756806645
1475,0.642447419,0.756089639,0.756089639,0.756808227
1476,0.634093377,0.756103516,0.756103516,0.756809977
1477,0.641896674,0.756109851,0.756109851,0.756817333
1478,0.634605051,0.756112853,0.756112853,0.7568246
1479,0.643396226,0.756113466,0.756113466,0.756826048
1480,0.641151685,0.756116015,0.756116015,0.756827048
1481,0.645537948,0.756116505,0.756116505,0.756838523
1482,0.640518417,0.75612145,0.75612145,0.75684262
1483,0.633277685,0.756123536,0.756123536,0.756844606
1484,0.644661777,0.756129032,0.756129032,0.756845426
1485,0.633733624,0.756133829,0.756133829,0.756846262
1486,0.633856138,0.756134969,0.756134969,0.756850589
1487,0.634120172,0.756135567,0.756135567,0.756851312
1488,0.633479212,0.756140351,0.756140351,0.756853786
1489,0.645728643,0.756143667,0.756143667,0.756859035
1490,0.641562064,0.756145142,0.756145142,0.756860487
1491,0.632890365,0.756145526,0.756145526,0.756861479
1492,0.634264232,0.756147541,0.756147541,0.756862745
1493,0.632978723,0.756152125,0.756152125,0.756863606
1494,0.641274238,0.756158248,0.756158248,0.756864207
1495,0.644607843,0.756162306,0.756162306,0.756872097
1496,0.640677966,0.756168831,0.756168831,0.756872685
1497,0.634437806,0.756171285,0.756171285,0.756877799
1498,0.642149929,0.756172054,0.756172054,0.756879863
1499,0.642788921,0.791208791,0.791208791,0.756883421
1500,0.641403509,0.7791,0.756181057,0.776
1501,0.633481646,0.756182863,0.756182863,0.756889764
1502,0.633933442,0.756189282,0.756189282,0.756899811
1503,0.634054054,0.756194252,0.756194252,0.756900819
1504,0.634316354,0.756204838,0.756204838,0.756900878
1505,0.633574007,0.756206554,0.756206554,0.756905387
1506,0.642377756,0.756207675,0.756207675,0.756906077
1507,0.640763463,0.7562094,0.7562094,0.756910871
1508,0.633173844,0.756209987,0.756209987,0.756918239
1509,0.644790812,0.75622084,0.75622084,0.756932492
1510,0.645833333,0.756230032,0.756230032,0.756942278
1511,0.643732328,0.75623053,0.75623053,0.75694531
1512,0.641811847,0.75623179,0.75623179,0.756949077
1513,0.641350211,0.756232687,0.756232687,0.756955548
1514,0.64495114,0.756232687,0.756232687,0.756956606
1515,0.630560928,0.756234414,0.756234414,0.756961068
1516,0.641522491,0.756238004,0.756238004,0.756964457
1517,0.633652822,0.756243756,0.756243756,0.756966138
1518,0.634749866,0.756247971,0.756247971,0.756966948
1519,0.646025105,0.756254645,0.756254645,0.756967453
1520,0.640921409,0.756265664,0.756265664,0.756971124
1521,0.643263757,0.756273764,0.756273764,0.756973108
1522,0.644897959,0.756281407,0.756281407,0.756977109
1523,0.645675903,0.756285785,0.756285785,0.756982626
1524,0.634512326,0.756294058,0.756294058,0.756985055
1525,0.634251756,0.756295908,0.756295908,0.756987091
1526,0.634133043,0.756302521,0.756302521,0.756990941
1527,0.642857143,0.756302521,0.756302521,0.75699334
1528,0.642512077,0.756304619,0.756304619,0.756994656
1529,0.626262626,0.756307889,0.756307889,0.757005854
1530,0.640326975,0.75631068,0.75631068,0.757015226
1531,0.642402827,0.756310922,0.756310922,0.757020435
1532,0.634001083,0.756315007,0.756315007,0.757022295
1533,0.641654979,0.756315585,0.756315585,0.757025425
1534,0.641610738,0.756319018,0.756319018,0.757026858
1535,0.634291915,0.756321839,0.756321839,0.75703089
1536,0.644553645,0.756322445,0.756322445,0.757031347
1537,0.634946237,0.756323566,0.756323566,0.757033248
1538,0.641770401,0.75632706,0.75632706,0.757033888
1539,0.634584013,0.756331543,0.756331543,0.757036558
1540,0.642720307,0.756341998,0.756341998,0.757045675
1541,0.634188034,0.756346441,0.756346441,0.75704698
1542,0.634708088,0.756349007,0.756349007,0.757051157
1543,0.634449244,0.756349953,0.756349953,0.757053292
1544,0.641164523,0.756353861,0.756353861,0.757054732
1545,0.634332425,0.756355399,0.756355399,0.757056576
1546,0.644736842,0.756356614,0.756356614,0.757057124
1547,0.645781119,0.756357928,0.756357928,0.757057807
1548,0.644067797,0.756359822,0.756359822,0.757062147
1549,0.634199134,0.756360078,0.756360078,0.757062147
1550,0.641707488,0.756365233,0.756365233,0.757063982
1551,0.64632107,0.756365452,0.756365452,0.757069695
1552,0.643667297,0.756371814,0.756371814,0.757071025
1553,0.640571818,0.75637534,0.75637534,0.757074212
1554,0.634081197,0.756378803,0.756378803,0.757076362
1555,0.641891892,0.7563799,0.7563799,0.757077024
1556,0.645187602,0.75638051,0.75638051,0.757083491
1557,0.634494575,0.756382979,0.756382979,0.757084487
1558,0.643601896,0.756385696,0.756385696,0.757087548
1559,0.641906097,0.756386621,0.756386621,0.757087629
1560,0.643196955,0.756395571,0.756395571,0.75708947
1561,0.634782609,0.756403941,0.756403941,0.75709154
1562,0.63490364,0.756410256,0.756410256,0.757093933
1563,0.644844517,0.756416709,0.756416709,0.757100881
1564,0.634396355,0.756418284,0.756418284,0.757110898
1565,0.63453159,0.756422455,0.756422455,0.757112444
1566,0.641407307,0.75642501,0.75642501,0.757114494
1567,0.634276562,0.756426254,0.756426254,0.757116451
1568,0.641509434,0.756433585,0.756433585,0.757118288
1569,0.645081967,0.756434401,0.756434401,0.757120431
1570,0.634341129,0.756435006,0.756435006,0.757121807
1571,0.641112619,0.756435644,0.756435644,0.757122414
1572,0.641958042,0.756440281,0.756440281,0.757127072
1573,0.634703196,0.756443977,0.756443977,0.757129427
1574,0.645028759,0.756444444,0.756444444,0.757133956
1575,0.640816327,0.756447927,0.756447927,0.75713756
1576,0.646076795,0.756451217,0.756451217,0.757140977
1577,0.643062201,0.756463454,0.756463454,0.757142857
1578,0.634563938,0.756463925,0.756463925,0.757144656
1579,0.635091496,0.756465517,0.756465517,0.757147345
1580,0.642156863,0.756470221,0.756470221,0.757148208
1581,0.642651297,0.756474104,0.756474104,0.757151085
1582,0.633795309,0.756474681,0.756474681,0.757162517
1583,0.634843581,0.756477987,0.756477987,0.757165862
1584,0.644003777,0.756483082,0.756483082,0.757169693
1585,0.642237223,0.756483516,0.756483516,0.757177832
1586,0.641364903,0.756484708,0.756484708,0.757178527
1587,0.634344529,0.756487026,0.756487026,0.757179137
1588,0.643939394,0.756494523,0.756494523,0.75718559
1589,0.634490239,0.756496881,0.756496881,0.757188498
1590,0.633315593,0.7565,0.7565,0.757189542
1591,0.642265193,0.756506507,0.756506507,0.757195572
1592,0.634549601,0.756510825,0.756510825,0.757196221
1593,0.641649763,0.756511057,0.756511057,0.757197578
1594,0.645134914,0.756513348,0.756513348,0.757203484
1595,0.641801548,0.756527415,0.756527415,0.757205514
1596,0.643536122,0.756528418,0.756528418,0.75720579
1597,0.645348837,0.756530825,0.756530825,0.757206423
1598,0.634759358,0.756539235,0.756539235,0.757208838
1599,0.627016129,0.791208791,0.791208791,0.757208893
1600,0.641060503,0.781,0.75654321,0.7793
1601,0.642270862,0.756543677,0.756543677,0.75722161
1602,0.63399041,0.756547768,0.756547768,0.757223166
1603,0.635040431,0.756552643,0.756552643,0.757223618
1604,0.634929271,0.756554307,0.756554307,0.757234372
1605,0.638297872,0.756560145,0.756560145,0.75724325
1606,0.633596392,0.756560228,0.756560228,0.757244044
1607,0.645320197,0.756564308,0.756564308,0.757248732
1608,0.642041639,0.75656697,0.75656697,0.757255288
1609,0.634420096,0.756568779,0.756568779,0.75725543
1610,0.641614475,0.756570713,0.756570713,0.75725628
1611,0.642994242,0.756578947,0.756578947,0.757260101
1612,0.642512077,0.756587202,0.756587202,0.757263355
1613,0.633938706,0.756590293,0.756590293,0.757266049
1614,0.641891892,0.75659051,0.75659051,0.757268866
1615,0.646218487,0.75659164,0.75659164,0.757269437
1616,0.642581888,0.756606852,0.756606852,0.757278481
1617,0.635237069,0.756608479,0.756608479,0.757281553
1618,0.641748942,0.756611385,0.756611385,0.757281553
1619,0.641304348,0.756613757,0.756613757,0.757281553
1620,0.633802817,0.756615485,0.756615485,0.757285873
1621,0.645643154,0.75661882,0.75661882,0.757298863
1622,0.6339381,0.756623377,0.756623377,0.757299843
1623,0.633540373,0.756625442,0.756625442,0.757300329
1624,0.643874644,0.756630265,0.756630265,0.757311641
1625,0.645295587,0.756630265,0.756630265,0.757311842
1626,0.641991925,0.756632065,0.756632065,0.7573119
1627,0.6418637,0.75664187,0.75664187,0.757315732
1628,0.640955631,0.75664228,0.75664228,0.757319453
1629,0.64526749,0.756644252,0.756644252,0.757322176
1630,0.638663968,0.756646856,0.756646856,0.757328631
1631,0.635433495,0.756662437,0.756662437,0.757330006
1632,0.642758621,0.756662804,0.756662804,0.757333333
1633,0.642133693,0.75666916,0.75666916,0.757339163
1634,0.641393443,0.756670224,0.756670224,0.75734085
1635,0.634133333,0.756670902,0.756670902,0.757341577
1636,0.634009009,0.756672598,0.756672598,0.75734355
1637,0.633747178,0.756673114,0.756673114,0.757348138
1638,0.642001409,0.756689172,0.756689172,0.757352021
1639,0.641547862,0.756694971,0.756694971,0.757357545
1640,0.634688347,0.756696429,0.756696429,0.75735775
1641,0.645936982,0.756696429,0.756696429,0.757360015
1642,0.64292589,0.756697409,0.756697409,0.757371362
1643,0.644276254,0.756698821,0.756698821,0.757371795
1644,0.645590682,0.756700494,0.756700494,0.757383296
1645,0.642232683,0.756706176,0.756706176,0.757390285
1646,0.642112578,0.756707476,0.756707476,0.757392687
1647,0.642375169,0.756709195,0.756709195,0.757394162
1648,0.643004824,0.756714553,0.756714553,0.757397992
1649,0.6277666,0.756721022,0.756721022,0.757405615
1650,0.633691351,0.756722952,0.756722952,0.757406995
1651,0.645799012,0.756728508,0.756728508,0.757414924
1652,0.633427762,0.756732892,0.756732892,0.757420219
1653,0.642253521,0.756735951,0.756735951,0.757421002
1654,0.641718642,0.756748072,0.756748072,0.757421211
1655,0.641949153,0.756756757,0.756756757,0.757424195
1656,0.645454545,0.756756757,0.756756757,0.75743349
1657,0.639029323,0.756756757,0.756756757,0.757437071
1658,0.642710472,0.756763788,0.756763788,0.757448687
1659,0.634298694,0.756770833,0.756770833,0.757453457
1660,0.643150685,0.756780791,0.756780791,0.757454802
1661,0.646230323,0.756784969,0.756784969,0.757461228
1662,0.642183288,0.756790509,0.756790509,0.757464843
1663,0.645885287,0.756792873,0.756792873,0.757476819
1664,0.643269231,0.756799494,0.756799494,0.757478289
1665,0.633898305,0.756804998,0.756804998,0.757479313
1666,0.642616318,0.756807512,0.756807512,0.757487923
1667,0.643250689,0.756816183,0.756816183,0.7575
1668,0.633635334,0.756817453,0.756817453,0.757518202
1669,0.634146341,0.756826213,0.756826213,0.75752443
1670,0.642201835,0.756828194,0.756828194,0.757528441
1671,0.645747316,0.75682955,0.75682955,0.757542392
1672,0.643102265,0.756834075,0.756834075,0.757546564
1673,0.642361111,0.756834158,0.756834158,0.75755627
1674,0.642424242,0.756840247,0.756840247,0.757556475
1675,0.639393939,0.756897449,0.756897449,0.757558251
1676,0.633842671,0.756900212,0.756900212,0.757568646
1677,0.646523179,0.756901158,0.756901158,0.757587599
1678,0.641831852,0.756904638,0.756904638,0.757591902
1679,0.642163662,0.756911344,0.756911344,0.757595514
1680,0.634049774,0.75691347,0.75691347,0.757619359
1681,0.643347051,0.75692014,0.75692014,0.757633588
1682,0.633786848,0.756921633,0.756921633,0.757636566
1683,0.642609299,0.756923077,0.756923077,0.757643312
1684,0.646039604,0.756926294,0.756926294,0.757651588
1685,0.637413395,0.756928958,0.756928958,0.757653061
1686,0.634659091,0.756931608,0.756931608,0.757663389
1687,0.63975782,0.756933744,0.756933744,0.757682383
1688,0.627530364,0.756947508,0.756947508,0.757690232
1689,0.643591501,0.756959315,0.756959315,0.757690797
1690,0.643298969,0.756997123,0.756997123,0.757720471
1691,0.643496215,0.756997455,0.756997455,0.757730316
1692,0.64633141,0.757006369,0.757006369,0.757754221
1693,0.634604439,0.757019438,0.757019438,0.757796014
1694,0.64598842,0.757021846,0.757021846,0.757817611
1695,0.641,0.757035647,0.757035647,0.75784992
1696,0.640120968,0.757042254,0.757042254,0.757879991
1697,0.643543956,0.757060669,0.757060669,0.757883485
1698,0.634812287,0.757124183,0.757124183,0.757909538
1699,0.642787996,0.791208791,0.791208791,0.757917338
1700,0.643741403,0.783,0.790208791,0.77937401
1701,0.635019898,0.757219251,0.757219251,0.757982416
1702,0.641358641,0.757263355,0.757263355,0.757985923
1703,0.638248848,0.757281553,0.757281553,0.757992999
1704,0.640483384,0.75734951,0.75734951,0.758022956
1705,0.643133462,0.757377049,0.757377049,0.758046365
1706,0.64368932,0.757425743,0.757425743,0.758075446
1707,0.641716567,0.757434944,0.757434944,0.758105902
1708,0.64084507,0.757462687,0.757462687,0.75810739
1709,0.642073779,0.757478632,0.757478632,0.758136268
1710,0.641641642,0.757490637,0.757490637,0.758176944
1711,0.64120603,0.757534863,0.757534863,0.758218699
1712,0.643410853,0.757562077,0.757562077,0.758234057
1713,0.63908046,0.757575758,0.757575758,0.758247701
1714,0.642430279,0.757604118,0.757604118,0.758249473
1715,0.606557377,0.757688723,0.757688723,0.758278892
1716,0.641566265,0.757703081,0.757703081,0.758331391
1717,0.639344262,0.757717493,0.757717493,0.758362573
1718,0.644314869,0.757766772,0.757766772,0.758418079
1719,0.64278607,0.757801584,0.757801584,0.758435994
1720,0.641925777,0.757830762,0.757830762,0.758443979
1721,0.628803245,0.757904246,0.757904246,0.758475567
1722,0.639908257,0.757914339,0.757914339,0.758492322
1723,0.638888889,0.757943925,0.757943925,0.758588455
1724,0.642284569,0.758056983,0.758056983,0.75862069
1725,0.644034918,0.758108108,0.758108108,0.75868415
1726,0.637850467,0.758139535,0.758139535,0.758694489
1727,0.643349754,0.75816092,0.75816092,0.758795125
1728,0.64,0.758272059,0.758272059,0.758893281
1729,0.606060606,0.758476544,0.758476544,0.759005345
1730,0.640732265,0.758588672,0.758588672,0.759117305
1731,0.643700787,0.75862069,0.75862069,0.759195003
1732,0.638888889,0.758652947,0.758652947,0.759198882
1733,0.638694639,0.758656873,0.758656873,0.759259259
1734,0.64084507,0.758668516,0.758668516,0.759263469
1735,0.643141153,0.758691207,0.758691207,0.759289176
1736,0.630081301,0.758746025,0.758746025,0.759306358
1737,0.650793651,0.758763838,0.758763838,0.759355863
1738,0.643495531,0.758780037,0.758780037,0.75937287
1739,0.639534884,0.758829465,0.758829465,0.759398496
1740,0.642857143,0.758839529,0.758839529,0.759400231
1741,0.644183773,0.758845438,0.758845438,0.75941761
1742,0.603960396,0.758855586,0.758855586,0.75944152
1743,0.643280632,0.758875058,0.758875058,0.759482171
1744,0.6432111,0.758878505,0.758878505,0.759511183
1745,0.644941634,0.758891455,0.758891455,0.75955159
1746,0.64453125,0.758893281,0.758893281,0.759591373
1747,0.64037123,0.758909853,0.758909853,0.759615385
1748,0.643632774,0.758920403,0.758920403,0.759639806
1749,0.643564356,0.758945386,0.758945386,0.75966156
1750,0.643067847,0.758947368,0.758947368,0.759682688
1751,0.643984221,0.758964143,0.758964143,0.759700477
1752,0.643418468,0.758965048,0.758965048,0.75971897
1753,0.645224172,0.758986175,0.758986175,0.759771429
1754,0.643916914,0.759011329,0.759011329,0.759803922
1755,0.6437684,0.759030636,0.759030636,0.759852864
1756,0.64556962,0.75907441,0.75907441,0.759856631
1757,0.631364562,0.759103641,0.759103641,0.759881197
1758,0.644117647,0.759109312,0.759109312,0.75990676
1759,0.641791045,0.759113982,0.759113982,0.759943847
1760,0.605042017,0.759140768,0.759140768,0.759979788
1761,0.64446621,0.759162304,0.759162304,0.759990865
1762,0.6,0.759183673,0.759183673,0.760018859
1763,0.64481409,0.759200841,0.759200841,0.760099751
1764,0.63190184,0.75920398,0.75920398,0.760104987
1765,0.630927835,0.759250799,0.759250799,0.760147601
1766,0.632653061,0.759259259,0.759259259,0.760168303
1767,0.607843137,0.759297521,0.759297521,0.760185663
1768,0.631687243,0.759328358,0.759328358,0.760263558
1769,0.6401766,0.759352882,0.759352882,0.760330579
1770,0.641723356,0.759360731,0.759360731,0.760330579
1771,0.646153846,0.759398496,0.759398496,0.760338814
1772,0.631469979,0.759398496,0.759398496,0.760356581
1773,0.638157895,0.759414226,0.759414226,0.76039234
1774,0.643835616,0.759453782,0.759453782,0.760400211
1775,0.632443532,0.759470561,0.759470561,0.760470588
1776,0.637744035,0.759615385,0.759615385,0.760475944
1777,0.642533937,0.759660697,0.759660697,0.760504202
1778,0.608333333,0.759803922,0.759803922,0.760506329
1779,0.641552511,0.759834369,0.759834369,0.760607648
1780,0.64159292,0.75984252,0.75984252,0.760652288
1781,0.63876652,0.75987526,0.75987526,0.760736196
1782,0.633196721,0.759961127,0.759961127,0.760965993
1783,0.638528139,0.76008273,0.76008273,0.76097561
1784,0.603448276,0.76011846,0.76011846,0.761016071
1785,0.611111111,0.760124611,0.760124611,0.761061947
1786,0.632231405,0.76023976,0.76023976,0.761061947
1787,0.643340858,0.760330579,0.760330579,0.76107056
1788,0.642369021,0.760330579,0.760330579,0.76119403
1789,0.643015521,0.760373444,0.760373444,0.761245675
1790,0.63956044,0.760377358,0.760377358,0.761263594
1791,0.598214286,0.760479042,0.760479042,0.761310452
1792,0.597122302,0.760504202,0.760504202,0.761316872
1793,0.644144144,0.760508309,0.760508309,0.761352657
1794,0.632780083,0.760591133,0.760591133,0.76138069
1795,0.643181818,0.760617761,0.760617761,0.761454889
1796,0.65625,0.760621762,0.760621762,0.761506276
1797,0.631914894,0.760700389,0.760700389,0.761538462
1798,0.63655914,0.7607245,0.7607245,0.761558442
1799,0.63326226,0.790742188,0.790742188,0.761583012
1800,0.643652561,0.788,0.760760761,0.781919
1801,0.642696629,0.760848602,0.760848602,0.761625061
1802,0.606299213,0.760952381,0.760952381,0.761702128
1803,0.647058824,0.76097561,0.76097561,0.761716823
1804,0.611570248,0.761,0.761,0.761744966
1805,0.632696391,0.761061947,0.761061947,0.761805916
1806,0.606060606,0.761078998,0.761078998,0.761811982
1807,0.637149028,0.761095373,0.761095373,0.761812922
1808,0.644444444,0.761179829,0.761179829,0.761813842
1809,0.638344227,0.76119403,0.76119403,0.761858191
1810,0.634095634,0.761308951,0.761308951,0.761904762
1811,0.633474576,0.761316872,0.761316872,0.761904762
1812,0.609756098,0.761406844,0.761406844,0.762041011
1813,0.588235294,0.761506276,0.761506276,0.762042389
1814,0.601769912,0.761538462,0.761538462,0.762143215
1815,0.635193133,0.761538462,0.761538462,0.762174941
1816,0.644295302,0.761702128,0.761702128,0.762264151
1817,0.639130435,0.761744966,0.761744966,0.762267747
1818,0.634249471,0.761767531,0.761767531,0.762271415
1819,0.637931034,0.761904762,0.761904762,0.762295082
1820,0.634453782,0.762264151,0.762264151,0.762295082
1821,0.634615385,0.762295082,0.762295082,0.762376238
1822,0.635974304,0.762295082,0.762295082,0.76249405
1823,0.645089286,0.762376238,0.762376238,0.7625
1824,0.635021097,0.7625,0.7625,0.7625
1825,0.638949672,0.762645914,0.762645914,0.762645914
1826,0.635220126,0.762711864,0.762711864,0.762711864
1827,0.635789474,0.762711864,0.762711864,0.762711864
1828,0.635416667,0.763485477,0.763485477,0.763485477
1829,0.639737991,0.763546798,0.763546798,0.763546798
1830,0.635983264,0.763565891,0.763565891,0.763565891
1831,0.610169492,0.76371308,0.76371308,0.76371308
1832,0.61,0.763837638,0.763837638,0.763837638
1833,0.612903226,0.764044944,0.764044944,0.764044944
1834,0.636743215,0.764084507,0.764084507,0.764084507
1835,0.605263158,0.764309764,0.764309764,0.764309764
1836,0.6015625,0.764478764,0.764478764,0.764478764
1837,0.626373626,0.764705882,0.764705882,0.764705882
1838,0.598484848,0.764912281,0.764912281,0.764912281
1839,0.601449275,0.765306122,0.765306122,0.765306122
1840,0.616,0.765363128,0.765363128,0.765363128
1841,0.604651163,0.765567766,0.765567766,0.765567766
1842,0.601503759,0.765734266,0.765734266,0.765734266
1843,0.6,0.766101695,0.766101695,0.766101695
1844,0.630434783,0.766169154,0.766169154,0.766169154
1845,0.607692308,0.766467066,0.766467066,0.766467066
1846,0.604477612,0.766666667,0.766666667,0.766666667
1847,0.602941176,0.766784452,0.766784452,0.766784452
1848,0.612244898,0.766891892,0.766891892,0.766891892
1849,0.636363636,0.766990291,0.766990291,0.766990291
1850,0.634408602,0.767241379,0.767241379,0.767241379
1851,0.603053435,0.76744186,0.76744186,0.76744186
1852,0.605839416,0.767605634,0.767605634,0.767605634
1853,0.661290323,0.767857143,0.767857143,0.767857143
1854,0.651515152,0.768115942,0.768115942,0.768115942
1855,0.637681159,0.768361582,0.768361582,0.768361582
1856,0.653846154,0.768817204,0.768817204,0.768817204
1857,0.640449438,0.769230769,0.769230769,0.769230769
1858,0.648648649,0.769230769,0.769230769,0.769230769
1859,0.633333333,0.769230769,0.769230769,0.769230769
1860,0.627659574,0.769784173,0.769784173,0.769784173
1861,0.612903226,0.770186335,0.770186335,0.770186335
1862,0.642857143,0.770700637,0.770700637,0.770700637
1863,0.618556701,0.770833333,0.770833333,0.770833333
1864,0.653333333,0.770992366,0.770992366,0.770992366
1865,0.634146341,0.771084337,0.771084337,0.771084337
1866,0.641975309,0.771084337,0.771084337,0.771084337
1867,0.658227848,0.771428571,0.771428571,0.771428571
1868,0.647887324,0.771604938,0.771604938,0.771604938
1869,0.617021277,0.772020725,0.772020725,0.772020725
1870,0.643678161,0.772151899,0.772151899,0.772151899
1871,0.657894737,0.772727273,0.772727273,0.772727273
1872,0.638554217,0.773006135,0.773006135,0.773006135
1873,0.621052632,0.773049645,0.773049645,0.773049645
1874,0.613636364,0.773195876,0.773195876,0.773195876
1875,0.65,0.773584906,0.773584906,0.773584906
1876,0.642857143,0.773809524,0.773809524,0.773809524
1877,0.662337662,0.774390244,0.774390244,0.774390244
1878,0.625,0.774509804,0.774509804,0.774509804
1879,0.625,0.775,0.775,0.775
1880,0.625,0.775757576,0.775757576,0.775757576
1881,0.647058824,0.776470588,0.776470588,0.776470588
1882,0.672131148,0.777777778,0.777777778,0.777777778
1883,0.651162791,0.777777778,0.777777778,0.777777778
1884,0.632653061,0.779069767,0.779069767,0.779069767
1885,0.594594595,0.779220779,0.779220779,0.779220779
1886,0.630434783,0.78,0.78,0.78
1887,0.64,0.780821918,0.780821918,0.780821918
1888,0.619047619,0.781609195,0.781609195,0.781609195
1889,0.605263158,0.782051282,0.782051282,0.782051282
1890,0.647058824,0.782608696,0.782608696,0.782608696
1891,0.627906977,0.783783784,0.783783784,0.783783784
1892,0.660714286,0.784090909,0.784090909,0.784090909
1893,0.615384615,0.784313725,0.784313725,0.784313725
1894,0.653846154,0.784946237,0.784946237,0.784946237
1895,0.633333333,0.786516854,0.786516854,0.786516854
1896,0.666666667,0.786666667,0.786666667,0.786666667
1897,0.660377358,0.787234043,0.787234043,0.787234043
1898,0.625,0.788888889,0.788888889,0.788888889
1899,0.672413793,0.789473684,0.789473684,0.789473684
1900,0.666666667,0.789473684,0.789473684,0.789473684
1901,0.634146341,0.791208791,0.791208791,0.791208791
1902,0.677966102,0.791666667,0.791666667,0.791666667
1903,0.672727273,1,1,1
1904,0.683333333,1,1,1
1905,,,,
1906,,,,
1907,,,,
1908,,,,
1909,,,,
1910,,,,
1911,,,,
1912,,,,
1913,,,,
1914,,,,
1915,,,,
1916,,,,
1917,,,,
1918,,,,
1919,,,,
1920,,,,
